id,date,title,summary,era,category,tier,year,amount_usd,source,source_url
1,2008-08-18,bitcoin.org registered,"The bitcoin.org domain was registered anonymously through a registrar that accepted no personal details, ten weeks before the whitepaper appeared.",Genesis Era (2008-2012),Origin,Chase,2008,,Editorial research,
2,2008-10-31,Bitcoin whitepaper published,"Satoshi Nakamoto posted 'Bitcoin: A Peer-to-Peer Electronic Cash System' to the Cryptography Mailing List, describing a chain of digital signatures secured by proof-of-work.",Genesis Era (2008-2012),Origin,GRAIL,2008,,Editorial research,https://www.metzdowd.com/pipermail/cryptography/2008-October/014810.html
3,2008-11-09,Bitcoin project registered on SourceForge,"The Bitcoin project was registered on SourceForge, giving the still-unreleased software a public home.",Genesis Era (2008-2012),Origin,Chase,2008,,Editorial research,
4,2009-01-03,Genesis block mined,"Block 0 was mined, embedding the headline 'The Times 03/Jan/2009 Chancellor on brink of second bailout for banks' in its coinbase — a timestamp and a thesis in one string.",Genesis Era (2008-2012),Origin,GRAIL,2009,,Editorial research,https://en.bitcoin.it/wiki/Genesis_block
5,2009-01-09,Bitcoin v0.1 released,"Satoshi released the first Bitcoin client for Windows, and block 1 was mined six days after the genesis block.",Genesis Era (2008-2012),Origin,Chase,2009,,Editorial research,
6,2009-01-12,First Bitcoin transaction,"Satoshi sent 10 BTC to Hal Finney in block 170, the first peer-to-peer transfer of the asset.",Genesis Era (2008-2012),Origin,GRAIL,2009,,Editorial research,https://en.bitcoin.it/wiki/Transaction
7,2009-02-04,Bitcoin Core 0.1.5 released,"Bitcoin Core version 0.1.5 was tagged and released, part of the reference implementation's continuous development history.",Genesis Era (2008-2012),Client Release,Chase,2009,,Bitcoin Core,https://github.com/bitcoin/bitcoin/releases
8,2009-10-05,First published BTC/USD exchange rate,"New Liberty Standard quoted 1,309.03 BTC per dollar, derived from the electricity cost of mining.",Genesis Era (2008-2012),Milestone,Mid,2009,,Editorial research,
9,2009-10-12,First known BTC-for-fiat trade,"Finnish developer Martti Malmi sold 5,050 BTC for $5.02 via PayPal.",Genesis Era (2008-2012),Milestone,Mid,2009,,Editorial research,
10,2009-12-16,Bitcoin Core 0.2.0 released,"Bitcoin Core version 0.2.0 was tagged and released, part of the reference implementation's continuous development history.",Genesis Era (2008-2012),Client Release,Chase,2009,,Bitcoin Core,https://github.com/bitcoin/bitcoin/releases
11,2010-03-17,Bitcoin Market opens,"The first Bitcoin exchange, Bitcoin Market, went live, letting holders trade BTC for dollars via PayPal.",Genesis Era (2008-2012),Launch,Mid,2010,,Editorial research,
12,2010-04-19,modified Bitcoin Core 0.2.11 released,"Early Bitcoin pioneer Laszlo Hanyecz created and shared his custom macOS build (labeled ""0.2.11"")",Genesis Era (2008-2012),MacOS Client Release,Chase,2010,,Bitcoin Core,https://github.com/bitcoin/bitcoin/releases
13,2010-05-22,Bitcoin Pizza Day,"Laszlo Hanyecz paid 10,000 BTC for two Papa John's pizzas, the first documented purchase of a physical good with Bitcoin.",Genesis Era (2008-2012),Milestone,GRAIL,2010,,Editorial research,https://bitcointalk.org/index.php?topic=137.0
14,2010-07-04,Bitcoin Core 0.3.0 released,"Bitcoin Core version 0.3.0 was tagged and released, part of the reference implementation's continuous development history.",Genesis Era (2008-2012),Client Release,Chase,2010,,Bitcoin Core,https://github.com/bitcoin/bitcoin/releases
15,2010-07-11,Slashdot post drives first user surge,A Slashdot article on Bitcoin v0.3 brought a wave of new users and pushed the price up roughly tenfold within days.,Genesis Era (2008-2012),Milestone,Mid,2010,,Editorial research,
16,2010-07-15,Bitcoin Core 0.3.1 released,"Bitcoin Core version 0.3.1 was tagged and released, part of the reference implementation's continuous development history.",Genesis Era (2008-2012),Client Release,Chase,2010,,Bitcoin Core,https://github.com/bitcoin/bitcoin/releases
17,2010-07-18,Mt. Gox opens for trading,"Jed McCaleb launched Mt. Gox as a Bitcoin exchange, repurposing a domain originally built for trading Magic: The Gathering cards.",Genesis Era (2008-2012),Launch,Mid,2010,,Editorial research,
18,2010-08-15,Bitcoin Core 0.3.10 released,"Bitcoin Core version 0.3.10 was tagged and released, part of the reference implementation's continuous development history.",Genesis Era (2008-2012),Client Release,Chase,2010,,Bitcoin Core,https://github.com/bitcoin/bitcoin/releases
19,2010-08-15,Value overflow incident,An integer overflow let someone create 184.47 billion BTC in block 74638. The chain was forked within hours and the transaction erased — the only time Bitcoin's supply cap has been broken.,Genesis Era (2008-2012),Hack / Exploit,GRAIL,2010,,Editorial research,https://en.bitcoin.it/wiki/Value_overflow_incident
20,2010-09-07,Bitcoin Core 0.3.12 released,"Bitcoin Core version 0.3.12 was tagged and released, part of the reference implementation's continuous development history.",Genesis Era (2008-2012),Client Release,Chase,2010,,Bitcoin Core,https://github.com/bitcoin/bitcoin/releases
21,2010-09-18,First mining pool produces a block,"Slush Pool mined its first block, beginning the shift from solo CPU mining to pooled hashpower.",Genesis Era (2008-2012),Milestone,Mid,2010,,Editorial research,
22,2010-09-30,Bitcoin Core 0.3.13 released,"Bitcoin Core version 0.3.13 was tagged and released, part of the reference implementation's continuous development history.",Genesis Era (2008-2012),Client Release,Chase,2010,,Bitcoin Core,https://github.com/bitcoin/bitcoin/releases
23,2010-10-21,Bitcoin Core 0.3.14 released,"Bitcoin Core version 0.3.14 was tagged and released, part of the reference implementation's continuous development history.",Genesis Era (2008-2012),Client Release,Chase,2010,,Bitcoin Core,https://github.com/bitcoin/bitcoin/releases
24,2010-11-13,Bitcoin Core 0.3.15 released,"Bitcoin Core version 0.3.15 was tagged and released, part of the reference implementation's continuous development history.",Genesis Era (2008-2012),Client Release,Chase,2010,,Bitcoin Core,https://github.com/bitcoin/bitcoin/releases
25,2010-11-25,Bitcoin Core 0.3.17 released,"Bitcoin Core version 0.3.17 was tagged and released, part of the reference implementation's continuous development history.",Genesis Era (2008-2012),Client Release,Chase,2010,,Bitcoin Core,https://github.com/bitcoin/bitcoin/releases
26,2010-12-08,Bitcoin Core 0.3.18 released,"Bitcoin Core version 0.3.18 was tagged and released, part of the reference implementation's continuous development history.",Genesis Era (2008-2012),Client Release,Chase,2010,,Bitcoin Core,https://github.com/bitcoin/bitcoin/releases
27,2010-12-12,Satoshi's last public forum post,Satoshi posted about DoS hardening on bitcointalk and then withdrew from public view.,Genesis Era (2008-2012),Origin,Chase,2010,,Editorial research,
28,2010-12-13,Bitcoin Core 0.3.19 released,"Bitcoin Core version 0.3.19 was tagged and released, part of the reference implementation's continuous development history.",Genesis Era (2008-2012),Client Release,Chase,2010,,Bitcoin Core,https://github.com/bitcoin/bitcoin/releases
29,2011-02-01,Silk Road goes live,"The darknet marketplace launched using Bitcoin as its settlement currency, becoming its first large-scale real-world use case.",Genesis Era (2008-2012),Launch,Mid,2011,,Editorial research,https://www.investopedia.com/terms/s/silk-road.asp
30,2011-02-09,BTC reaches dollar parity,Bitcoin traded at $1.00 for the first time on Mt. Gox.,Genesis Era (2008-2012),Milestone,Mid,2011,,Editorial research,
31,2011-02-18,Bitcoin Core 0.3.20 released,This version holds a highly significant spot in crypto history because it was the first major release put together entirely by the developer community after Satoshi Nakamoto stepped away from the project late the previous year,Genesis Era (2008-2012),Client Release,Chase,2011,,Bitcoin Core,https://github.com/bitcoin/bitcoin/releases
32,2011-03-04,Bitcoin Core 0.3.20.2 released,"Bitcoin Core version 0.3.20.2 was tagged and released, part of the reference implementation's continuous development history.",Genesis Era (2008-2012),Client Release,Chase,2011,,Bitcoin Core,https://github.com/bitcoin/bitcoin/releases
33,2011-04-23,Satoshi's last known email,Satoshi told Gavin Andresen he had 'moved on to other things' and handed off the project.,Genesis Era (2008-2012),Origin,Chase,2011,,Editorial research,
34,2011-04-27,Bitcoin Core 0.3.21 released,"Bitcoin Core version 0.3.21 was tagged and released, part of the reference implementation's continuous development history.",Genesis Era (2008-2012),Client Release,Chase,2011,,Bitcoin Core,https://bitcoin.org/en/release/v0.3.21
35,2011-06-05,Bitcoin Core 0.3.22 released,"Bitcoin Core version 0.3.22 was tagged and released, part of the reference implementation's continuous development history.",Genesis Era (2008-2012),Client Release,Chase,2011,,Bitcoin Core,https://bitcoin.org/en/release/v0.3.22
36,2011-06-08,BTC hits $31 then collapses,Bitcoin peaked near $31 in its first true bubble before falling roughly 93% over the following months.,Genesis Era (2008-2012),Milestone,Mid,2011,,Editorial research,
37,2011-06-13,Bitcoin Core 0.3.23 released,"Bitcoin Core version 0.3.23 was tagged and released, part of the reference implementation's continuous development history.",Genesis Era (2008-2012),Client Release,Chase,2011,,Bitcoin Core,https://bitcoin.org/en/release/v0.3.23
38,2011-06-19,Mt. Gox first breach,"A compromised auditor account was used to crash the BTC price to a cent on Mt. Gox and withdraw coins, forcing the exchange to roll back trades.",Genesis Era (2008-2012),Hack / Exploit,Floor,2011,,Editorial research,https://en.wikipedia.org/wiki/Mt._Gox
39,2011-07-08,Bitcoin Core 0.3.24 released,"Bitcoin Core version 0.3.24 was tagged and released, part of the reference implementation's continuous development history.",Genesis Era (2008-2012),Client Release,Chase,2011,,Bitcoin Core,https://bitcoin.org/en/release/v0.3.24
40,2011-09-23,Bitcoin Core 0.4.0 released,"Bitcoin Core version 0.4.0 was tagged and released, part of the reference implementation's continuous development history.",Genesis Era (2008-2012),Client Release,Chase,2011,,Bitcoin Core,https://bitcoin.org/en/release/v0.4.0
41,2011-10-07,Litecoin launched,"Charlie Lee released Litecoin with Scrypt hashing and 2.5-minute blocks, the first widely adopted Bitcoin fork.",Genesis Era (2008-2012),Launch,Mid,2011,,Editorial research,
42,2011-10-18,BIP-11: M-of-N Standard Transactions,BIP-11 (M-of-N Standard Transactions) was proposed. Status: Deployed. This BIP proposes M-of-N-signatures required transactions as a new 'standard' transaction type.,Genesis Era (2008-2012),Standard (BIP) — Deployed,Floor,2011,,Bitcoin BIPs,https://github.com/bitcoin/bips/blob/master/bip-0011.mediawiki
43,2011-10-18,BIP-13: Address Format for pay-to-script-hash,"BIP-13 (Address Format for pay-to-script-hash) was proposed. Status: Deployed. This BIP describes a new type of Bitcoin address to support arbitrarily complex transactions. Complexity in this context is defined as what information is needed by the recipient to respend the received coins, in contrast to needing a single ECDSA private key",Genesis Era (2008-2012),Standard (BIP) — Deployed,Floor,2011,,Bitcoin BIPs,https://github.com/bitcoin/bips/blob/master/bip-0013.mediawiki
44,2011-11-10,BIP-14: Protocol Version and User Agent,BIP-14 (Protocol Version and User Agent) was proposed. Status: Deployed.,Genesis Era (2008-2012),Standard (BIP) — Deployed,Floor,2011,,Bitcoin BIPs,https://github.com/bitcoin/bips/blob/master/bip-0014.mediawiki
45,2011-11-21,Bitcoin Core 0.5.0 released,"Bitcoin Core version 0.5.0 was tagged and released, part of the reference implementation's continuous development history.",Genesis Era (2008-2012),Client Release,Chase,2011,,Bitcoin Core,https://bitcoin.org/en/release/v0.5.0
46,2011-12-15,Bitcoin Core 0.5.1 released,"Bitcoin Core version 0.5.1 was tagged and released, part of the reference implementation's continuous development history.",Genesis Era (2008-2012),Client Release,Chase,2011,,Bitcoin Core,https://bitcoin.org/en/release/v0.5.1
47,2012-01-03,BIP-16: Pay to Script Hash,"BIP-16 (Pay to Script Hash) was proposed. Status: Deployed. This BIP describes a new ""standard"" transaction type for the Bitcoin scripting system, and defines additional validation rules that apply only to the new transactions.",Genesis Era (2008-2012),Standard (BIP) — Deployed,Floor,2012,,Bitcoin BIPs,https://github.com/bitcoin/bips/blob/master/bip-0016.mediawiki
48,2012-01-09,Bitcoin Core 0.5.2 released,"Bitcoin Core version 0.5.2 was tagged and released, part of the reference implementation's continuous development history.",Genesis Era (2008-2012),Client Release,Chase,2012,,Bitcoin Core,https://bitcoin.org/en/release/v0.5.2
49,2012-02-11,BIP-32: Hierarchical Deterministic Wallets,"BIP-32 (Hierarchical Deterministic Wallets) was proposed. Status: Deployed. This document describes hierarchical deterministic wallets (or ""HD Wallets""): wallets which can be shared partially or entirely with different systems, each with or without the ability to spend coins.",Genesis Era (2008-2012),Standard (BIP) — Deployed,Floor,2012,,Bitcoin BIPs,https://github.com/bitcoin/bips/blob/master/bip-0032.mediawiki
50,2012-02-22,BIP-30: Duplicate transactions,"BIP-30 (Duplicate transactions) was proposed. Status: Deployed. This document gives a specification for dealing with duplicate transactions in the block chain, in an attempt to solve certain problems the reference implementation has with them.",Genesis Era (2008-2012),Standard (BIP) — Deployed,Floor,2012,,Bitcoin BIPs,https://github.com/bitcoin/bips/blob/master/bip-0030.mediawiki
51,2012-02-28,BIP-22: getblocktemplate - Fundamentals,"BIP-22 (getblocktemplate - Fundamentals) was proposed. Status: Deployed. This BIP describes a new JSON-RPC method for ""smart"" Bitcoin miners and proxies. Instead of sending a simple block header for hashing, the entire block structure is sent, and left to the miner to (optionally) customize and assemble.",Genesis Era (2008-2012),Standard (BIP) — Deployed,Floor,2012,,Bitcoin BIPs,https://github.com/bitcoin/bips/blob/master/bip-0022.mediawiki
52,2012-02-28,BIP-23: getblocktemplate - Pooled Mining,BIP-23 (getblocktemplate - Pooled Mining) was proposed. Status: Deployed. This BIP describes extensions to the getblocktemplate JSON-RPC call to enhance pooled mining.,Genesis Era (2008-2012),Standard (BIP) — Deployed,Floor,2012,,Bitcoin BIPs,https://github.com/bitcoin/bips/blob/master/bip-0023.mediawiki
53,2012-03-14,Bitcoin Core 0.5.3 released,"Bitcoin Core version 0.5.3 was tagged and released, part of the reference implementation's continuous development history.",Genesis Era (2008-2012),Client Release,Chase,2012,,Bitcoin Core,https://bitcoin.org/en/release/v0.5.3
54,2012-03-30,Bitcoin Core 0.6.0 released,"Bitcoin Core version 0.6.0 was tagged and released, part of the reference implementation's continuous development history.",Genesis Era (2008-2012),Client Release,Chase,2012,,Bitcoin Core,https://bitcoin.org/en/release/v0.6.0
55,2012-04-11,BIP-31: Pong message,BIP-31 (Pong message) was proposed. Status: Deployed. This document describes a trivial protocol extension that makes it easier for clients to detect dead peer connections.,Genesis Era (2008-2012),Standard (BIP) — Deployed,Floor,2012,,Bitcoin BIPs,https://github.com/bitcoin/bips/blob/master/bip-0031.mediawiki
56,2012-05-04,Bitcoin Core 0.6.1 released,"Bitcoin Core version 0.6.1 was tagged and released, part of the reference implementation's continuous development history.",Genesis Era (2008-2012),Client Release,Chase,2012,,Bitcoin Core,https://bitcoin.org/en/release/v0.6.1
57,2012-05-08,Bitcoin Core 0.6.2 released,"Bitcoin Core version 0.6.2 was tagged and released, part of the reference implementation's continuous development history.",Genesis Era (2008-2012),Client Release,Chase,2012,,Bitcoin Core,https://bitcoin.org/en/release/v0.6.2
58,2012-05-09,Bitcoin Core 0.6.2.1 released,"it followed immediately after the release of version 0.6.2 on May 8, 2012. Because it was a rapid upstream hotfix.",Genesis Era (2008-2012),Client Release,Chase,2012,,Bitcoin Core,https://gist.github.com/bshyong/ff9479a5e08102924812
59,2012-05-11,Bitcoin Core 0.6.2.2 released,It followed just days after 0.6.2 and 0.6.2.1 to clean up and iron out minor UI bugs that slipped through the frantic patch window of the initial CVE hotfix.,Genesis Era (2008-2012),Client Release,Chase,2012,,Bitcoin Core,https://gist.github.com/bshyong/ff9479a5e08102924812
60,2012-06-02,Ripple Labs founded,"OpenCoin, later Ripple Labs, was founded to build a payment settlement network around the XRP Ledger.",Genesis Era (2008-2012),Launch,Mid,2012,,Editorial research,
61,2012-06-20,Coinbase founded,Brian Armstrong and Fred Ehrsam founded Coinbase to make buying Bitcoin as simple as using a bank app.,Genesis Era (2008-2012),Launch,Mid,2012,,Editorial research,
62,2012-06-25,Bitcoin Core 0.6.3 released,"Bitcoin Core version 0.6.3 was tagged and released, part of the reference implementation's continuous development history.",Genesis Era (2008-2012),Client Release,Chase,2012,,Bitcoin Core,https://bitcoin.org/en/release/v0.6.3
63,2012-07-06,"BIP-34: Block v2, Height in Coinbase","BIP-34 (Block v2, Height in Coinbase) was proposed. Status: Deployed. Bitcoin blocks and transactions are versioned binary structures. Both currently use version 1. This BIP introduces an upgrade path for versioned transactions and blocks. A unique value is added to newly produced coinbase transactions, and blocks are updated to",Genesis Era (2008-2012),Standard (BIP) — Deployed,Floor,2012,,Bitcoin BIPs,https://github.com/bitcoin/bips/blob/master/bip-0034.mediawiki
64,2012-08-16,BIP-35: mempool message,"BIP-35 (mempool message) was proposed. Status: Deployed. Make a network node's transaction memory pool accessible via a new ""mempool"" message. Extend the existing ""getdata"" message behavior to permit accessing the transaction memory pool.",Genesis Era (2008-2012),Standard (BIP) — Deployed,Floor,2012,,Bitcoin BIPs,https://github.com/bitcoin/bips/blob/master/bip-0035.mediawiki
65,2012-09-17,Bitcoin Core 0.7.0 released,"Bitcoin Core version 0.7.0 was tagged and released, part of the reference implementation's continuous development history.",Genesis Era (2008-2012),Client Release,Chase,2012,,Bitcoin Core,https://bitcoin.org/en/release/v0.7.0
66,2012-09-27,Bitcoin Foundation founded,The Bitcoin Foundation was established to fund core development and advocate for the protocol.,Genesis Era (2008-2012),Milestone,Mid,2012,,Editorial research,
67,2012-10-19,Bitcoin Core 0.7.1 released,"Bitcoin Core version 0.7.1 was tagged and released, part of the reference implementation's continuous development history.",Genesis Era (2008-2012),Client Release,Chase,2012,,Bitcoin Core,https://bitcoin.org/en/release/v0.7.1
68,2012-10-24,BIP-37: Connection Bloom filtering,BIP-37 (Connection Bloom filtering) was proposed. Status: Deployed. This BIP adds new support to the peer-to-peer protocol that allows peers to reduce the amount of transaction data they are sent. Peers have the option of setting ''filters'' on each connection they make after the version handshake has completed. A filter is de,Genesis Era (2008-2012),Standard (BIP) — Deployed,Floor,2012,,Bitcoin BIPs,https://github.com/bitcoin/bips/blob/master/bip-0037.mediawiki
69,2012-11-20,BIP-38: Passphrase-protected private key,BIP-38 (Passphrase-protected private key) was proposed. Status: Deployed. A method is proposed for encrypting and encoding a passphrase-protected Bitcoin private key record in the form of a 58-character Base58Check-encoded printable string. Encrypted private key records are intended for use on paper wallets and physical Bitcoins. Ea,Genesis Era (2008-2012),Standard (BIP) — Deployed,Floor,2012,,Bitcoin BIPs,https://github.com/bitcoin/bips/blob/master/bip-0038.mediawiki
70,2012-11-28,First Bitcoin halving,"At block 210,000 the block subsidy dropped from 50 BTC to 25 BTC, the first test of Bitcoin's disinflation schedule.",Genesis Era (2008-2012),Network Upgrade,Chase,2012,,Editorial research,
71,2012-12-14,Bitcoin Core 0.7.2 released,"Bitcoin Core version 0.7.2 was tagged and released, part of the reference implementation's continuous development history.",Genesis Era (2008-2012),Client Release,Chase,2012,,Bitcoin Core,https://bitcoin.org/en/release/v0.7.2
72,2013-02-19,Bitcoin Core 0.8.0 released,"Bitcoin Core version 0.8.0 was tagged and released, part of the reference implementation's continuous development history.",Early Era (2013-2015),Client Release,Floor,2013,,Bitcoin Core,https://bitcoin.org/en/release/v0.8.0
73,2013-03-11,Accidental Bitcoin chain split,"A database incompatibility between versions 0.7 and 0.8 split the chain for six hours until miners voluntarily downgraded — resolved by social coordination, not code.",Early Era (2013-2015),Network Upgrade,Chase,2013,,Editorial research,
74,2013-03-18,Bitcoin Core 0.8.1 released,"Bitcoin Core version 0.8.1 was tagged and released, part of the reference implementation's continuous development history.",Early Era (2013-2015),Client Release,Floor,2013,,Bitcoin Core,https://bitcoin.org/en/release/v0.8.1
75,2013-03-20,BIP-50: March 2013 Chain Fork Post-Mortem,BIP-50 (March 2013 Chain Fork Post-Mortem) was proposed. Status: Deployed.,Early Era (2013-2015),Standard (BIP) — Deployed,Floor,2013,,Bitcoin BIPs,https://github.com/bitcoin/bips/blob/master/bip-0050.mediawiki
76,2013-04-10,BTC peaks near $266 and crashes,Bitcoin ran to roughly $266 before crashing over 70% in a single day as Mt. Gox buckled under volume.,Early Era (2013-2015),Milestone,Mid,2013,,Editorial research,
77,2013-05-29,Bitcoin Core 0.8.2 released,"Bitcoin Core version 0.8.2 was tagged and released, part of the reference implementation's continuous development history.",Early Era (2013-2015),Client Release,Floor,2013,,Bitcoin Core,https://bitcoin.org/en/release/v0.8.2
78,2013-06-25,Bitcoin Core 0.8.3 released,"Bitcoin Core version 0.8.3 was tagged and released, part of the reference implementation's continuous development history.",Early Era (2013-2015),Client Release,Floor,2013,,Bitcoin Core,https://bitcoin.org/en/release/v0.8.3
79,2013-07-29,BIP-70: Payment Protocol,"BIP-70 (Payment Protocol) was proposed. Status: Deployed. This BIP describes a protocol for communication between a merchant and their customer, enabling both a better customer experience and better security against man-in-the-middle attacks on the payment process.",Early Era (2013-2015),Standard (BIP) — Deployed,Floor,2013,,Bitcoin BIPs,https://github.com/bitcoin/bips/blob/master/bip-0070.mediawiki
80,2013-07-29,BIP-71: Payment Protocol MIME types,BIP-71 (Payment Protocol MIME types) was proposed. Status: Deployed. This BIP defines a MIME (RFC 2046) Media Type for Bitcoin payment request messages.,Early Era (2013-2015),Standard (BIP) — Deployed,Floor,2013,,Bitcoin BIPs,https://github.com/bitcoin/bips/blob/master/bip-0071.mediawiki
81,2013-07-29,BIP-72: bitcoin: uri extensions for Payment Protocol,BIP-72 (bitcoin: uri extensions for Payment Protocol) was proposed. Status: Deployed. This BIP describes an extension to the bitcoin: URI scheme (BIP 21) to support the payment protocol (BIP 70).,Early Era (2013-2015),Standard (BIP) — Deployed,Floor,2013,,Bitcoin BIPs,https://github.com/bitcoin/bips/blob/master/bip-0072.mediawiki
82,2013-08-07,US judge rules Bitcoin is money,A federal judge in Texas ruled Bitcoin qualifies as money in the SEC's case against Trendon Shavers' Ponzi scheme.,Early Era (2013-2015),Regulatory,Mid,2013,,Editorial research,
83,2013-08-27,"BIP-73: Use ""Accept"" header for response type negotiation with Payment Request URLs","BIP-73 (Use ""Accept"" header for response type negotiation with Payment Request URLs) was proposed. Status: Deployed. This BIP describes an enhancement to the payment protocol ([[bip-0070.mediawiki|BIP 70]]) that addresses the need for short URLs when scanning from QR codes. It generalizes the specification for the behavior of a payment request URL in a way that allows the cl",Early Era (2013-2015),Standard (BIP) — Deployed,Floor,2013,,Bitcoin BIPs,https://github.com/bitcoin/bips/blob/master/bip-0073.mediawiki
84,2013-09-03,Bitcoin Core 0.8.4 released,"Bitcoin Core version 0.8.4 was tagged and released, part of the reference implementation's continuous development history.",Early Era (2013-2015),Client Release,Floor,2013,,Bitcoin Core,https://bitcoin.org/en/release/v0.8.4
85,2013-09-10,BIP-39: Mnemonic code for generating deterministic keys,BIP-39 (Mnemonic code for generating deterministic keys) was proposed. Status: Deployed. This BIP describes the implementation of a mnemonic code or mnemonic sentence -- a group of easy to remember words -- for the generation of deterministic wallets.,Early Era (2013-2015),Standard (BIP) — Deployed,Floor,2013,,Bitcoin BIPs,https://github.com/bitcoin/bips/blob/master/bip-0039.mediawiki
86,2013-09-13,Bitcoin Core 0.8.5 released,"Bitcoin Core version 0.8.5 was tagged and released, part of the reference implementation's continuous development history.",Early Era (2013-2015),Client Release,Floor,2013,,Bitcoin Core,https://bitcoin.org/en/release/v0.8.5
87,2013-10-01,Silk Road seized,"The FBI shut down Silk Road and arrested Ross Ulbricht, seizing roughly 144,000 BTC.",Early Era (2013-2015),Regulatory,Mid,2013,,Editorial research,
88,2013-10-29,First Bitcoin ATM installed,The first Bitcoin ATM went live in a Vancouver coffee shop.,Early Era (2013-2015),Milestone,Mid,2013,,Editorial research,
89,2013-11-27,Ethereum whitepaper circulated,Vitalik Buterin shared the Ethereum whitepaper proposing a blockchain with a Turing-complete scripting language rather than a fixed transaction set.,Early Era (2013-2015),Origin,Chase,2013,,Editorial research,
90,2013-11-29,"BTC tops $1,200 on Mt. Gox","Bitcoin reached roughly $1,242 on Mt. Gox amid Chinese retail demand, briefly exceeding the price of an ounce of gold.",Early Era (2013-2015),Milestone,Mid,2013,,Editorial research,
91,2013-12-05,China bars banks from Bitcoin,"The People's Bank of China prohibited financial institutions from handling Bitcoin, triggering a sharp selloff.",Early Era (2013-2015),Regulatory,Mid,2013,,Editorial research,
92,2013-12-06,Dogecoin launched,Billy Markus and Jackson Palmer released Dogecoin as a joke built on Litecoin's code; it outlived most of the projects that took themselves seriously.,Early Era (2013-2015),Launch,Mid,2013,,Editorial research,
93,2013-12-09,Bitcoin Core 0.8.6 released,"Bitcoin Core version 0.8.6 was tagged and released, part of the reference implementation's continuous development history.",Early Era (2013-2015),Client Release,Floor,2013,,Bitcoin Core,https://bitcoin.org/en/release/v0.8.6
94,2014-01-26,Ethereum announced publicly,Ethereum was unveiled at the North American Bitcoin Conference in Miami.,Early Era (2013-2015),Origin,Chase,2014,,Editorial research,
95,2014-02-07,Mt. Gox halts withdrawals,"Mt. Gox suspended BTC withdrawals citing transaction malleability, the first public sign of insolvency.",Early Era (2013-2015),Collapse,Chase,2014,,Editorial research,
96,2014-02-24,Mt. Gox goes dark,"Mt. Gox took its site offline after leaked documents showed roughly 744,000 customer BTC missing.",Early Era (2013-2015),Collapse,Chase,2014,,Editorial research,
97,2014-02-28,Mt. Gox files for bankruptcy,"Mt. Gox filed for bankruptcy protection in Tokyo, having handled the majority of global Bitcoin volume at its peak.",Early Era (2013-2015),Collapse,GRAIL,2014,,Editorial research,https://en.wikipedia.org/wiki/Mt._Gox
98,2014-03-05,Flexcoin shuts down after theft,The self-described 'Bitcoin bank' Flexcoin closed permanently after attackers drained its hot wallet.,Early Era (2013-2015),Hack / Exploit,Floor,2014,,Editorial research,
99,2014-03-19,Bitcoin Core 0.9.0 released,"Bitcoin Core version 0.9.0 was tagged and released, part of the reference implementation's continuous development history.",Early Era (2013-2015),Client Release,Floor,2014,,Bitcoin Core,https://bitcoin.org/en/release/v0.9.0
100,2014-03-25,IRS classifies crypto as property,"IRS Notice 2014-21 treated virtual currency as property for tax purposes, making every transaction a taxable event.",Early Era (2013-2015),Regulatory,Mid,2014,,Editorial research,
101,2014-04-01,BIP-42: A finite monetary supply for Bitcoin,"BIP-42 (A finite monetary supply for Bitcoin) was proposed. Status: Deployed. Although it is widely believed that Satoshi was an inflation-hating goldbug he never said this, and in fact programmed Bitcoin's money supply to grow indefinitely, forever. He modeled the monetary supply as 4 gold mines being discovered per mibillennium (1024",Early Era (2013-2015),Standard (BIP) — Deployed,Floor,2014,,Bitcoin BIPs,https://github.com/bitcoin/bips/blob/master/bip-0042.mediawiki
102,2014-04-01,Ethereum Yellow Paper published,"Gavin Wood published the Yellow Paper, the formal specification of the Ethereum Virtual Machine.",Early Era (2013-2015),Launch,Mid,2014,,Editorial research,
103,2014-04-08,Bitcoin Core 0.9.1 released,"Bitcoin Core version 0.9.1 was tagged and released, part of the reference implementation's continuous development history.",Early Era (2013-2015),Client Release,Floor,2014,,Bitcoin Core,https://bitcoin.org/en/release/v0.9.1
104,2014-04-18,Monero launched,"Monero forked from Bytecoin with ring signatures and stealth addresses, becoming the leading privacy chain.",Early Era (2013-2015),Launch,Mid,2014,,Editorial research,
105,2014-04-24,BIP-43: Purpose Field for Deterministic Wallets,"BIP-43 (Purpose Field for Deterministic Wallets) was proposed. Status: Deployed. This BIP introduces a ""Purpose Field"" for use in deterministic wallets based on algorithm described in BIP-0032 (BIP32 from now on).",Early Era (2013-2015),Standard (BIP) — Deployed,Floor,2014,,Bitcoin BIPs,https://github.com/bitcoin/bips/blob/master/bip-0043.mediawiki
106,2014-04-24,BIP-44: Multi-Account Hierarchy for Deterministic Wallets,BIP-44 (Multi-Account Hierarchy for Deterministic Wallets) was proposed. Status: Deployed. This BIP defines a logical hierarchy for deterministic wallets based on an algorithm described in BIP-0032 (BIP32 from now on) and purpose scheme described in BIP-0043 (BIP43 from now on).,Early Era (2013-2015),Standard (BIP) — Deployed,Floor,2014,,Bitcoin BIPs,https://github.com/bitcoin/bips/blob/master/bip-0044.mediawiki
107,2014-06-14,Bitcoin Core 0.9.2 released,"Bitcoin Core version 0.9.2 was tagged and released, part of the reference implementation's continuous development history.",Early Era (2013-2015),Client Release,Floor,2014,,Bitcoin Core,https://bitcoin.org/en/release/v0.9.2
108,2014-06-18,BIP-61: Reject P2P message,BIP-61 (Reject P2P message) was proposed. Status: Deployed. This BIP describes a new message type for the Bitcoin peer-to-peer network.,Early Era (2013-2015),Standard (BIP) — Deployed,Floor,2014,,Bitcoin BIPs,https://github.com/bitcoin/bips/blob/master/bip-0061.mediawiki
109,2014-06-19,Bitcoin Core 0.9.2.1 released,"Bitcoin Core version 0.9.2.1 was tagged and released, part of the reference implementation's continuous development history.",Early Era (2013-2015),Client Release,Floor,2014,,Bitcoin Core,https://bitcoin.org/en/release/v0.9.2.1
110,2014-07-22,Ethereum crowdsale begins,"The Ethereum ICO opened, selling ETH for BTC over 42 days and raising more than 31,000 BTC.",Early Era (2013-2015),Milestone,Mid,2014,,Editorial research,
111,2014-09-27,Bitcoin Core 0.9.3 released,"Bitcoin Core version 0.9.3 was tagged and released, part of the reference implementation's continuous development history.",Early Era (2013-2015),Client Release,Floor,2014,,Bitcoin Core,https://bitcoin.org/en/release/v0.9.3
112,2014-10-01,BIP-65: OPCHECKLOCKTIMEVERIFY,BIP-65 (OPCHECKLOCKTIMEVERIFY) was proposed. Status: Deployed. This BIP describes a new opcode (OPCHECKLOCKTIMEVERIFY) for the Bitcoin scripting system that allows a transaction output to be made unspendable until some point in the future.,Early Era (2013-2015),Standard (BIP) — Deployed,Floor,2014,,Bitcoin BIPs,https://github.com/bitcoin/bips/blob/master/bip-0065.mediawiki
113,2014-10-06,Tether launched as Realcoin,"Realcoin launched on Bitcoin's Omni layer, later renaming to Tether and becoming the dominant dollar stablecoin.",Early Era (2013-2015),Launch,Mid,2014,,Editorial research,
114,2015-01-10,BIP-66: Strict DER signatures,BIP-66 (Strict DER signatures) was proposed. Status: Deployed. This document specifies proposed changes to the Bitcoin transaction validity rules to restrict signatures to strict DER encoding.,Early Era (2013-2015),Standard (BIP) — Deployed,Floor,2015,,Bitcoin BIPs,https://github.com/bitcoin/bips/blob/master/bip-0066.mediawiki
115,2015-01-12,Bitcoin Core 0.9.4 released,"This minor update was pushed out as an emergency fix to prevent a network consensus fork. It addressed an incompatibility issue introduced by an OpenSSL library update (1.0.0p / 1.0.1k), which changed how transaction signatures were validated and threatened to cause Linux nodes running the software to split from the rest of the network",Early Era (2013-2015),Client Release,Floor,2015,,Bitcoin Core,https://bitcoin.org/en/alert/2015-07-04-spv-mining#solution
116,2015-02-16,Bitcoin Core 0.10.0 released,"Bitcoin Core version 0.10.0 was tagged and released, part of the reference implementation's continuous development history.",Early Era (2013-2015),Client Release,Floor,2015,,Bitcoin Core,https://bitcoin.org/en/release/v0.10.0
117,2015-04-24,BIP-47: Reusable Payment Codes for Hierarchical Deterministic Wallets,BIP-47 (Reusable Payment Codes for Hierarchical Deterministic Wallets) was proposed. Status: Deployed. This BIP defines a technique for creating a payment code which can be publicly advertised and associated with a real-life identity without creating the loss of security or privacy inherent to P2PKH address reuse.,Early Era (2013-2015),Standard (BIP) — Deployed,Floor,2015,,Bitcoin BIPs,https://github.com/bitcoin/bips/blob/master/bip-0047.mediawiki
118,2015-04-27,Bitcoin Core 0.10.1 released,"Bitcoin Core version 0.10.1 was tagged and released, part of the reference implementation's continuous development history.",Early Era (2013-2015),Client Release,Floor,2015,,Bitcoin Core,https://bitcoin.org/en/release/v0.10.1
119,2015-05-08,BIP-130: sendheaders message,"BIP-130 (sendheaders message) was proposed. Status: Deployed. Add a new message, ""sendheaders"", which indicates that a node prefers to receive new block announcements via a ""headers"" message rather than an ""inv"".",Early Era (2013-2015),Standard (BIP) — Deployed,Floor,2015,,Bitcoin BIPs,https://github.com/bitcoin/bips/blob/master/bip-0130.mediawiki
120,2015-05-19,Bitcoin Core 0.10.2 released,"Bitcoin Core version 0.10.2 was tagged and released, part of the reference implementation's continuous development history.",Early Era (2013-2015),Client Release,Floor,2015,,Bitcoin Core,https://bitcoin.org/en/release/v0.10.2
121,2015-05-21,Bitcoin Core 0.9.5 released,"Bitcoin Core version 0.9.5 was tagged and released, part of the reference implementation's continuous development history.",Early Era (2013-2015),Client Release,Floor,2015,,Bitcoin Core,https://bitcoin.org/en/alert/2015-07-04-spv-mining#solution
122,2015-05-28,BIP-68: Relative lock-time using consensus-enforced sequence numbers,BIP-68 (Relative lock-time using consensus-enforced sequence numbers) was proposed. Status: Deployed. This BIP introduces relative lock-time (RLT) consensus-enforced semantics of the sequence number field to enable a signed transaction input to remain invalid for a defined period of time after confirmation of its corresponding outpoint.,Early Era (2013-2015),Standard (BIP) — Deployed,Floor,2015,,Bitcoin BIPs,https://github.com/bitcoin/bips/blob/master/bip-0068.mediawiki
123,2015-07-10,Bitcoin Core 0.11.0 released,"Bitcoin Core version 0.11.0 was tagged and released, part of the reference implementation's continuous development history.",Early Era (2013-2015),Client Release,Floor,2015,,Bitcoin Core,https://github.com/bitcoin/bitcoin/releases
124,2015-07-30,Ethereum Frontier launch,Ethereum's mainnet went live in a deliberately rough 'Frontier' release aimed at developers rather than users.,Early Era (2013-2015),Network Upgrade,Chase,2015,,Editorial research,
125,2015-08-10,BIP-112: CHECKSEQUENCEVERIFY,BIP-112 (CHECKSEQUENCEVERIFY) was proposed. Status: Deployed. This BIP describes a new opcode (CHECKSEQUENCEVERIFY) for the Bitcoin scripting system that in combination with BIP 68 allows execution pathways of a script to be restricted based on the age of the output being spent.,Early Era (2013-2015),Standard (BIP) — Deployed,Floor,2015,,Bitcoin BIPs,https://github.com/bitcoin/bips/blob/master/bip-0112.mediawiki
126,2015-08-10,BIP-113: Median time-past as endpoint for lock-time calculations,"BIP-113 (Median time-past as endpoint for lock-time calculations) was proposed. Status: Deployed. This BIP is a proposal to redefine the semantics used in determining a time-locked transaction's eligibility for inclusion in a block. The median of the last 11 blocks is used instead of the block's timestamp, ensuring that it increases monotonically with each",Early Era (2013-2015),Standard (BIP) — Deployed,Floor,2015,,Bitcoin BIPs,https://github.com/bitcoin/bips/blob/master/bip-0113.mediawiki
127,2015-08-20,BIP-111: NODEBLOOM service bit,"BIP-111 (NODEBLOOM service bit) was proposed. Status: Deployed. This BIP extends BIP 37, Connection Bloom filtering, by defining a service bit to allow peers to advertise that they support bloom filters explicitly. It also bumps the protocol version to allow peers to identify old nodes which allow bloom filtering of the co",Early Era (2013-2015),Standard (BIP) — Deployed,Floor,2015,,Bitcoin BIPs,https://github.com/bitcoin/bips/blob/master/bip-0111.mediawiki
128,2015-08-26,BIP-123: BIP Classification,BIP-123 (BIP Classification) was proposed. Status: Deployed. This document describes a classification scheme for BIPs.,Early Era (2013-2015),Standard (BIP) — Deployed,Floor,2015,,Bitcoin BIPs,https://github.com/bitcoin/bips/blob/master/bip-0123.mediawiki
129,2015-09-07,Frontier Thawing,"The gas limit was lifted from its 5,000 cap and difficulty adjustment began, making Ethereum usable for real transactions.",Early Era (2013-2015),Network Upgrade,Chase,2015,,Editorial research,
130,2015-10-04,BIP-9: Version bits with timeout and delay,"BIP-9 (Version bits with timeout and delay) was proposed. Status: Deployed. This document specifies a proposed change to the semantics of the 'version' field in Bitcoin blocks, allowing multiple backward-compatible changes (further called ""soft forks"") to be deployed in parallel. It relies on interpreting the version field as a bit ve",Early Era (2013-2015),Standard (BIP) — Deployed,Floor,2015,,Bitcoin BIPs,https://github.com/bitcoin/bips/blob/master/bip-0009.mediawiki
131,2015-10-14,Bitcoin Core 0.10.3 released,"Bitcoin Core version 0.10.3 was tagged and released, part of the reference implementation's continuous development history.",Early Era (2013-2015),Client Release,Floor,2015,,Bitcoin Core,https://bitcoin.org/en/release/v0.10.3
132,2015-10-15,Bitcoin Core 0.11.1 released,"Bitcoin Core version 0.11.1 was tagged and released, part of the reference implementation's continuous development history.",Early Era (2013-2015),Client Release,Floor,2015,,Bitcoin Core,https://bitcoin.org/en/release/v0.11.1
133,2015-10-25,Gemini exchange launches,The Winklevoss twins opened Gemini as a regulated US exchange built for institutional compliance.,Early Era (2013-2015),Launch,Mid,2015,,Editorial research,
134,2015-10-27,EIP-1: EIP Purpose and Guidelines,EIP-1 (EIP Purpose and Guidelines) was proposed. Status: Living.,Early Era (2013-2015),Standard (EIP) — Final,Floor,2015,,Ethereum EIPs,https://eips.ethereum.org/EIPS/eip-1
135,2015-10-31,The Economist puts blockchain on its cover,The Trust Machine' cover story moved blockchain from cypherpunk forums into boardroom vocabulary.,Early Era (2013-2015),Milestone,Mid,2015,,Editorial research,https://www.economist.com/leaders/2015/10/31/the-trust-machine
136,2015-11-12,Bitcoin Core 0.10.4 released,"Bitcoin Core version 0.10.4 was tagged and released, part of the reference implementation's continuous development history.",Early Era (2013-2015),Client Release,Floor,2015,,Bitcoin Core,https://github.com/bitcoin/bitcoin/releases
137,2015-11-12,Bitcoin Core 0.11.2 released,"Bitcoin Core version 0.11.2 was tagged and released, part of the reference implementation's continuous development history.",Early Era (2013-2015),Client Release,Floor,2015,,Bitcoin Core,https://bitcoin.org/en/release/v0.11.2
138,2015-11-15,EIP-2: Homestead Hard-fork Changes,EIP-2 (Homestead Hard-fork Changes) was proposed. Status: Final.,Early Era (2013-2015),Standard (EIP) — Final,Floor,2015,,Ethereum EIPs,https://eips.ethereum.org/EIPS/eip-2
139,2015-11-15,EIP-7: DELEGATECALL,EIP-7 (DELEGATECALL) was proposed. Status: Final.,Early Era (2013-2015),Standard (EIP) — Final,Floor,2015,,Ethereum EIPs,https://eips.ethereum.org/EIPS/eip-7
140,2015-11-17,EIP-4: EIP Classification,EIP-4 (EIP Classification) was proposed. Status: Final.,Early Era (2013-2015),Standard (EIP) — Final,Floor,2015,,Ethereum EIPs,https://eips.ethereum.org/EIPS/eip-4
141,2015-11-19,ERC-20 proposed,"Fabian Vogelsteller opened the issue that became the ERC-20 fungible token standard, the template for tens of thousands of tokens.",Early Era (2013-2015),Milestone,Mid,2015,,Editorial research,
142,2015-11-19,ERC-20: Token Standard,ERC-20 (Token Standard) was proposed. Status: Final. A standard interface for tokens.,Early Era (2013-2015),Standard (ERC) — Final,Floor,2015,,Ethereum ERCs,https://eips.ethereum.org/EIPS/eip-20
143,2015-11-20,BIP-75: Out of Band Address Exchange using Payment Protocol Encryption,BIP-75 (Out of Band Address Exchange using Payment Protocol Encryption) was proposed. Status: Deployed. This BIP is an extension to BIP 70 that provides two enhancements to the existing Payment Protocol.,Early Era (2013-2015),Standard (BIP) — Deployed,Floor,2015,,Bitcoin BIPs,https://github.com/bitcoin/bips/blob/master/bip-0075.mediawiki
144,2015-11-22,EIP-5: Gas Usage for RETURN and CALL,"EIP-5 (Gas Usage for RETURN and CALL) was proposed. Status: Final. This EIP makes it possible to call functions that return strings and other dynamically-sized arrays. Currently, when another contract / function is called from inside the Ethereum Virtual Machine, the size of the output has to be specified in advance. It is of",Early Era (2013-2015),Standard (EIP) — Final,Floor,2015,,Ethereum EIPs,https://eips.ethereum.org/EIPS/eip-5
145,2015-11-22,EIP-6: Renaming SUICIDE opcode,EIP-6 (Renaming SUICIDE opcode) was proposed. Status: Final. The solution proposed in this EIP is to change the name of the SUICIDE opcode in Ethereum programming languages with SELFDESTRUCT.,Early Era (2013-2015),Standard (EIP) — Final,Floor,2015,,Ethereum EIPs,https://eips.ethereum.org/EIPS/eip-6
146,2015-12-04,BIP-125: Opt-in Full Replace-by-Fee Signaling,"BIP-125 (Opt-in Full Replace-by-Fee Signaling) was proposed. Status: Deployed. Many nodes today will not replace any transaction in their mempool with another transaction that spends the same inputs, making it difficult for spenders to adjust their previously-sent transactions to deal with unexpected confirmation delays or to perform oth",Early Era (2013-2015),Standard (BIP) — Deployed,Floor,2015,,Bitcoin BIPs,https://github.com/bitcoin/bips/blob/master/bip-0125.mediawiki
147,2015-12-17,Hyperledger announced,"The Linux Foundation announced Hyperledger, marking enterprise's first coordinated move into permissioned ledgers.",Early Era (2013-2015),Launch,Mid,2015,,Editorial research,
148,2015-12-18,EIP-8: devp2p Forward Compatibility Requirements for Homestead,"EIP-8 (devp2p Forward Compatibility Requirements for Homestead) was proposed. Status: Final. This EIP introduces new forward-compatibility requirements for implementations of the devp2p Wire Protocol, the RLPx Discovery Protocol and the RLPx TCP Transport Protocol. Clients which implement EIP-8 behave according to Postel's Law:",Early Era (2013-2015),Standard (EIP) — Final,Floor,2015,,Ethereum EIPs,https://eips.ethereum.org/EIPS/eip-8
149,2015-12-21,BIP-141: Segregated Witness (Consensus layer),"BIP-141 (Segregated Witness (Consensus layer)) was proposed. Status: Deployed. This BIP defines a new structure called a ""witness"" that is committed to blocks separately from the transaction merkle tree. This structure contains data required to check transaction validity but not required to determine transaction effects. In particular, s",Early Era (2013-2015),Standard (BIP) — Deployed,Floor,2015,,Bitcoin BIPs,https://github.com/bitcoin/bips/blob/master/bip-0141.mediawiki
150,2016-01-01,MetaMask released,"ConsenSys released MetaMask, putting an Ethereum wallet inside the browser and becoming the default on-ramp for nearly every dApp that followed.",ICO Era (2016-2017),Launch,Mid,2016,,Editorial research,https://en.wikipedia.org/wiki/MetaMask
151,2016-01-03,BIP-143: Transaction Signature Verification for Version 0 Witness Program,"BIP-143 (Transaction Signature Verification for Version 0 Witness Program) was proposed. Status: Deployed. This proposal defines a new transaction digest algorithm for signature verification in version 0 witness program, in order to minimize redundant data hashing in verification, and to cover the input value by the signature.",ICO Era (2016-2017),Standard (BIP) — Deployed,Floor,2016,,Bitcoin BIPs,https://github.com/bitcoin/bips/blob/master/bip-0143.mediawiki
152,2016-01-08,BIP-144: Segregated Witness (Peer Services),BIP-144 (Segregated Witness (Peer Services)) was proposed. Status: Deployed. This BIP defines new messages and serialization formats for propagation of transactions and blocks committing to segregated witness structures.,ICO Era (2016-2017),Standard (BIP) — Deployed,Floor,2016,,Bitcoin BIPs,https://github.com/bitcoin/bips/blob/master/bip-0144.mediawiki
153,2016-01-14,ERC-55: Mixed-case checksum address encoding,ERC-55 (Mixed-case checksum address encoding) was proposed. Status: Final.,ICO Era (2016-2017),Standard (ERC) — Final,Floor,2016,,Ethereum ERCs,https://eips.ethereum.org/EIPS/eip-55
154,2016-01-14,Lightning Network whitepaper implementations begin,"Multiple teams began shipping Lightning implementations, opening Bitcoin's payment-channel era.",ICO Era (2016-2017),Launch,Mid,2016,,Editorial research,
155,2016-01-20,ERC-191: Signed Data Standard,ERC-191 (Signed Data Standard) was proposed. Status: Final.,ICO Era (2016-2017),Standard (ERC) — Final,Floor,2016,,Ethereum ERCs,https://eips.ethereum.org/EIPS/eip-191
156,2016-01-30,BIP-145: getblocktemplate Updates for Segregated Witness,BIP-145 (getblocktemplate Updates for Segregated Witness) was proposed. Status: Deployed. This BIP describes modifications to the getblocktemplate JSON-RPC call ([[bip-0022.mediawiki|BIP 22]]) to support segregated witness as defined by [[bip-0141.mediawiki|BIP 141]].,ICO Era (2016-2017),Standard (BIP) — Deployed,Floor,2016,,Bitcoin BIPs,https://github.com/bitcoin/bips/blob/master/bip-0145.mediawiki
157,2016-02-13,BIP-133: feefilter message,"BIP-133 (feefilter message) was proposed. Status: Deployed. Add a new message, ""feefilter"", which serves to instruct peers not to send ""inv""'s to the node for transactions with fees below the specified fee rate.",ICO Era (2016-2017),Standard (BIP) — Deployed,Floor,2016,,Bitcoin BIPs,https://github.com/bitcoin/bips/blob/master/bip-0133.mediawiki
158,2016-02-18,Bitcoin Core 0.12.0 released,"Bitcoin Core version 0.12.0 was tagged and released, part of the reference implementation's continuous development history.",ICO Era (2016-2017),Client Release,Floor,2016,,Bitcoin Core,https://bitcoin.org/en/release/v0.12.0
159,2016-03-14,Homestead upgrade,Ethereum's first planned hard fork removed the beta warnings and stabilised gas pricing and contract creation.,ICO Era (2016-2017),Network Upgrade,Chase,2016,,Editorial research,
160,2016-04-04,ERC-137: Ethereum Domain Name Service - Specification,ERC-137 (Ethereum Domain Name Service - Specification) was proposed. Status: Final.,ICO Era (2016-2017),Standard (ERC) — Final,Floor,2016,,Ethereum ERCs,https://eips.ethereum.org/EIPS/eip-137
161,2016-04-15,Bitcoin Core 0.12.1 released,"Bitcoin Core version 0.12.1 was tagged and released, part of the reference implementation's continuous development history.",ICO Era (2016-2017),Client Release,Floor,2016,,Bitcoin Core,https://bitcoin.org/en/release/v0.12.1
162,2016-04-27,BIP-152: Compact Block Relay,BIP-152 (Compact Block Relay) was proposed. Status: Deployed. Compact blocks on the wire as a way to save bandwidth for nodes on the P2P network.,ICO Era (2016-2017),Standard (BIP) — Deployed,Floor,2016,,Bitcoin BIPs,https://github.com/bitcoin/bips/blob/master/bip-0152.mediawiki
163,2016-04-28,EIP-100: Change difficulty adjustment to target mean block time including uncles,EIP-100 (Change difficulty adjustment to target mean block time including uncles) was proposed. Status: Final.,ICO Era (2016-2017),Standard (EIP) — Final,Floor,2016,,Ethereum EIPs,https://eips.ethereum.org/EIPS/eip-100
164,2016-04-30,The DAO token sale opens,"The DAO began a 28-day sale that raised over 12 million ETH, then roughly 14% of all ETH in existence.",ICO Era (2016-2017),Milestone,Mid,2016,,Editorial research,
165,2016-05-19,BIP-49: Derivation scheme for P2WPKH-nested-in-P2SH based accounts,BIP-49 (Derivation scheme for P2WPKH-nested-in-P2SH based accounts) was proposed. Status: Deployed. This BIP defines the derivation scheme for HD wallets using the P2WPKH-nested-in-P2SH ([[bip-0141.mediawiki|BIP 141]]) serialization format for segregated witness transactions.,ICO Era (2016-2017),Standard (BIP) — Deployed,Floor,2016,,Bitcoin BIPs,https://github.com/bitcoin/bips/blob/master/bip-0049.mediawiki
166,2016-06-17,The DAO is drained,"A recursive-call vulnerability let an attacker siphon roughly 3.6 million ETH from The DAO, forcing Ethereum's first existential governance crisis.",ICO Era (2016-2017),Hack / Exploit,GRAIL,2016,,Editorial research,https://en.wikipedia.org/wiki/The_DAO
167,2016-07-09,Second Bitcoin halving,"At block 420,000 the subsidy fell from 25 BTC to 12.5 BTC.",ICO Era (2016-2017),Network Upgrade,Chase,2016,,Editorial research,
168,2016-07-20,Ethereum forks to reverse The DAO,"A contentious hard fork at block 1,920,000 returned the drained ETH; the minority chain that refused became Ethereum Classic.",ICO Era (2016-2017),Network Upgrade,GRAIL,2016,,Editorial research,https://blog.ethereum.org/2016/07/20/hard-fork-completed
169,2016-08-02,"Bitfinex hacked for 119,756 BTC","Attackers drained roughly 120,000 BTC from Bitfinex's multisig setup; the exchange socialised the loss across all customers with BFX tokens.",ICO Era (2016-2017),Hack / Exploit,Floor,2016,,Editorial research,
170,2016-08-22,Bitcoin Core 0.13.0 released,"Bitcoin Core version 0.13.0 was tagged and released, part of the reference implementation's continuous development history.",ICO Era (2016-2017),Client Release,Floor,2016,,Bitcoin Core,https://bitcoin.org/en/release/v0.13.0
171,2016-09-02,BIP-147: Dealing with dummy stack element malleability,BIP-147 (Dealing with dummy stack element malleability) was proposed. Status: Deployed. This document specifies proposed changes to the Bitcoin transaction validity rules to fix a malleability vector in the extra stack element consumed by OPCHECKMULTISIG and OPCHECKMULTISIGVERIFY.,ICO Era (2016-2017),Standard (BIP) — Deployed,Floor,2016,,Bitcoin BIPs,https://github.com/bitcoin/bips/blob/master/bip-0147.mediawiki
172,2016-09-24,EIP-150: Gas cost changes for IO-heavy operations,EIP-150 (Gas cost changes for IO-heavy operations) was proposed. Status: Final.,ICO Era (2016-2017),Standard (EIP) — Final,Floor,2016,,Ethereum EIPs,https://eips.ethereum.org/EIPS/eip-150
173,2016-10-04,EIP-152: Add BLAKE2 compression function F precompile,"EIP-152 (Add BLAKE2 compression function F precompile) was proposed. Status: Final. This EIP will enable the BLAKE2b hash function and other higher-round 64-bit BLAKE2 variants to run cheaply on the EVM, allowing easier interoperability between Ethereum and Zcash as well as other Equihash-based PoW coins.",ICO Era (2016-2017),Standard (EIP) — Final,Floor,2016,,Ethereum EIPs,https://eips.ethereum.org/EIPS/eip-152
174,2016-10-14,EIP-155: Simple replay attack protection,EIP-155 (Simple replay attack protection) was proposed. Status: Final.,ICO Era (2016-2017),Standard (EIP) — Final,Floor,2016,,Ethereum EIPs,https://eips.ethereum.org/EIPS/eip-155
175,2016-10-16,EIP-158: State clearing,EIP-158 (State clearing) was proposed. Status: Final.,ICO Era (2016-2017),Standard (EIP) — Final,Floor,2016,,Ethereum EIPs,https://eips.ethereum.org/EIPS/eip-158
176,2016-10-18,Tangerine Whistle,An emergency fork repriced IO-heavy opcodes to end a sustained spam attack on Ethereum.,ICO Era (2016-2017),Network Upgrade,Chase,2016,,Editorial research,
177,2016-10-20,EIP-160: EXP cost increase,EIP-160 (EXP cost increase) was proposed. Status: Final.,ICO Era (2016-2017),Standard (EIP) — Final,Floor,2016,,Ethereum EIPs,https://eips.ethereum.org/EIPS/eip-160
178,2016-10-24,EIP-161: State trie clearing (invariant-preserving alternative),EIP-161 (State trie clearing (invariant-preserving alternative)) was proposed. Status: Final.,ICO Era (2016-2017),Standard (EIP) — Final,Floor,2016,,Ethereum EIPs,https://eips.ethereum.org/EIPS/eip-161
179,2016-10-25,ERC-162: Initial ENS Hash Registrar,"ERC-162 (Initial ENS Hash Registrar) was proposed. Status: Final. This ERC describes the implementation, as deployed to the main ethereum network on 2017-05-04, of a registrar contract to govern the allocation of names in the Ethereum Name Service (ENS). The corresponding source code is [here",ICO Era (2016-2017),Standard (ERC) — Final,Floor,2016,,Ethereum ERCs,https://eips.ethereum.org/EIPS/eip-162
180,2016-10-27,Bitcoin Core 0.13.1 released,"Bitcoin Core version 0.13.1 was tagged and released, part of the reference implementation's continuous development history.",ICO Era (2016-2017),Client Release,Floor,2016,,Bitcoin Core,https://bitcoin.org/en/release/v0.13.1
181,2016-10-28,Zcash launched,"Zcash went live with zk-SNARK shielded transactions, the first production use of zero-knowledge proofs in a public chain.",ICO Era (2016-2017),Launch,Mid,2016,,Editorial research,
182,2016-11-04,EIP-170: Contract code size limit,EIP-170 (Contract code size limit) was proposed. Status: Final.,ICO Era (2016-2017),Standard (EIP) — Final,Floor,2016,,Ethereum EIPs,https://eips.ethereum.org/EIPS/eip-170
183,2016-11-08,BIP-90: Buried Deployments,"BIP-90 (Buried Deployments) was proposed. Status: Deployed. Prior soft forks (BIP 34, BIP 65, and BIP 66) were activated via miner signaling in block version numbers. Now that the chain has long since passed the blocks at which those consensus rules have triggered, we can (as a simplification) replace the trigger mecha",ICO Era (2016-2017),Standard (BIP) — Deployed,Floor,2016,,Bitcoin BIPs,https://github.com/bitcoin/bips/blob/master/bip-0090.mediawiki
184,2016-11-22,Spurious Dragon,Ethereum cleared roughly 20 million empty spam accounts from state and added replay protection.,ICO Era (2016-2017),Network Upgrade,Chase,2016,,Editorial research,
185,2016-12-01,ERC-181: ENS support for reverse resolution of Ethereum addresses,ERC-181 (ENS support for reverse resolution of Ethereum addresses) was proposed. Status: Final.,ICO Era (2016-2017),Standard (ERC) — Final,Floor,2016,,Ethereum ERCs,https://eips.ethereum.org/EIPS/eip-181
186,2017-01-03,Bitcoin Core 0.13.2 released,"Bitcoin Core version 0.13.2 was tagged and released, part of the reference implementation's continuous development history.",ICO Era (2016-2017),Client Release,Floor,2017,,Bitcoin Core,https://bitcoin.org/en/release/v0.13.2
187,2017-01-10,ERC-190: Ethereum Smart Contract Packaging Standard,ERC-190 (Ethereum Smart Contract Packaging Standard) was proposed. Status: Final.,ICO Era (2016-2017),Standard (ERC) — Final,Floor,2017,,Ethereum ERCs,https://eips.ethereum.org/EIPS/eip-190
188,2017-01-30,EIP-198: Big integer modular exponentiation,EIP-198 (Big integer modular exponentiation) was proposed. Status: Final.,ICO Era (2016-2017),Standard (EIP) — Final,Floor,2017,,Ethereum EIPs,https://eips.ethereum.org/EIPS/eip-198
189,2017-02-02,EIP-196: Precompiled contracts for addition and scalar multiplication on the elliptic curve altbn128,EIP-196 (Precompiled contracts for addition and scalar multiplication on the elliptic curve altbn128) was proposed. Status: Final. Precompiled contracts for elliptic curve operations are required in order to perform zkSNARK verification within the block gas limit.,ICO Era (2016-2017),Standard (EIP) — Final,Floor,2017,,Ethereum EIPs,https://eips.ethereum.org/EIPS/eip-196
190,2017-02-06,EIP-140: REVERT instruction,"EIP-140 (REVERT instruction) was proposed. Status: Final. The REVERT instruction provides a way to stop execution and revert state changes, without consuming all provided gas and with the ability to return a reason.",ICO Era (2016-2017),Standard (EIP) — Final,Floor,2017,,Ethereum EIPs,https://eips.ethereum.org/EIPS/eip-140
191,2017-02-06,EIP-197: Precompiled contracts for optimal ate pairing check on the elliptic curve altbn128,EIP-197 (Precompiled contracts for optimal ate pairing check on the elliptic curve altbn128) was proposed. Status: Final. Precompiled contracts for elliptic curve pairing operations are required in order to perform zkSNARK verification within the block gas limit.,ICO Era (2016-2017),Standard (EIP) — Final,Floor,2017,,Ethereum EIPs,https://eips.ethereum.org/EIPS/eip-197
192,2017-02-09,EIP-141: Designated invalid EVM instruction,EIP-141 (Designated invalid EVM instruction) was proposed. Status: Final. An instruction is designated to remain as an invalid instruction.,ICO Era (2016-2017),Standard (EIP) — Final,Floor,2017,,Ethereum EIPs,https://eips.ethereum.org/EIPS/eip-141
193,2017-02-13,EIP-145: Bitwise shifting instructions in EVM,"EIP-145 (Bitwise shifting instructions in EVM) was proposed. Status: Final. Native bitwise shifting instructions are introduced, which are more efficient processing wise on the host and are cheaper to use by a contract.",ICO Era (2016-2017),Standard (EIP) — Final,Floor,2017,,Ethereum EIPs,https://eips.ethereum.org/EIPS/eip-145
194,2017-02-13,"EIP-211: ""New opcodes: RETURNDATASIZE and RETURNDATACOPY""","EIP-211 (""New opcodes: RETURNDATASIZE and RETURNDATACOPY"") was proposed. Status: Final. A mechanism to allow returning arbitrary-length data inside the EVM has been requested for quite a while now. Existing proposals always had very intricate problems associated with charging gas. This proposal solves the same problem while at the same time, it h",ICO Era (2016-2017),Standard (EIP) — Final,Floor,2017,,Ethereum EIPs,https://eips.ethereum.org/EIPS/eip-211
195,2017-02-13,EIP-214: New opcode STATICCALL,"EIP-214 (New opcode STATICCALL) was proposed. Status: Final. To increase smart contract security, this proposal adds a new opcode that can be used to call another contract (or itself) while disallowing any modifications to the state during the call (and its subcalls, if present).",ICO Era (2016-2017),Standard (EIP) — Final,Floor,2017,,Ethereum EIPs,https://eips.ethereum.org/EIPS/eip-214
196,2017-03-06,EIP-225: Clique proof-of-authority consensus protocol,"EIP-225 (Clique proof-of-authority consensus protocol) was proposed. Status: Final. Clique is a proof-of-authority consensus protocol. It shadows the design of Ethereum mainnet, so it can be added to any client with minimal effort.",ICO Era (2016-2017),Standard (EIP) — Final,Floor,2017,,Ethereum EIPs,https://eips.ethereum.org/EIPS/eip-225
197,2017-03-08,Bitcoin Core 0.14.0 released,"Bitcoin Core version 0.14.0 was tagged and released, part of the reference implementation's continuous development history.",ICO Era (2016-2017),Client Release,Floor,2017,,Bitcoin Core,https://bitcoin.org/en/release/v0.14.0
198,2017-03-09,Bitcoin Core 0.10.5 released,"Bitcoin Core version 0.10.5 was tagged and released, part of the reference implementation's continuous development history.",ICO Era (2016-2017),Client Release,Floor,2017,,Bitcoin Core,https://github.com/bitcoin/bitcoin/releases
199,2017-03-09,Bitcoin Core 0.11.3 released,"Bitcoin Core version 0.11.3 was tagged and released, part of the reference implementation's continuous development history.",ICO Era (2016-2017),Client Release,Floor,2017,,Bitcoin Core,https://github.com/bitcoin/bitcoin/releases
200,2017-03-10,SEC rejects Winklevoss Bitcoin ETF,"The SEC denied the first spot Bitcoin ETF application, citing unregulated underlying markets — a stance it held for nearly seven more years.",ICO Era (2016-2017),Regulatory,Mid,2017,,Editorial research,
201,2017-03-12,BIP-148: Mandatory activation of segwit deployment,"BIP-148 (Mandatory activation of segwit deployment) was proposed. Status: Deployed. This document specifies a BIP16 like soft fork flag day activation of the segregated witness BIP9 deployment known as ""segwit"".",ICO Era (2016-2017),Standard (BIP) — Deployed,Floor,2017,,Bitcoin BIPs,https://github.com/bitcoin/bips/blob/master/bip-0148.mediawiki
202,2017-03-20,BIP-173: Base32 address format for native v0-16 witness outputs,BIP-173 (Base32 address format for native v0-16 witness outputs) was proposed. Status: Deployed.,ICO Era (2016-2017),Standard (BIP) — Deployed,Floor,2017,,Bitcoin BIPs,https://github.com/bitcoin/bips/blob/master/bip-0173.mediawiki
203,2017-03-24,EIP-234: Add blockHash to JSON-RPC filter options.,EIP-234 (Add blockHash to JSON-RPC filter options.) was proposed. Status: Final. Add an option to JSON-RPC filter options (used by ethnewFilter and ethgetLogs) that allows specifying the block hash that should be included in the results. This option would be an alternative to fromBlock/toBlock options.,ICO Era (2016-2017),Standard (EIP) — Final,Floor,2017,,Ethereum EIPs,https://eips.ethereum.org/EIPS/eip-234
204,2017-04-13,ERC-600: Ethereum purpose allocation for Deterministic Wallets,"ERC-600 (Ethereum purpose allocation for Deterministic Wallets) was proposed. Status: Final. This EIP defines a logical hierarchy for deterministic wallets based on BIP32, the purpose scheme defined in BIP43 and [this pro",ICO Era (2016-2017),Standard (ERC) — Final,Floor,2017,,Ethereum ERCs,https://eips.ethereum.org/EIPS/eip-600
205,2017-04-13,ERC-601: Ethereum hierarchy for deterministic wallets,"ERC-601 (Ethereum hierarchy for deterministic wallets) was proposed. Status: Final. This EIP defines a logical hierarchy for deterministic wallets based on BIP32, the purpose scheme defined in BIP43 and eip-draft",ICO Era (2016-2017),Standard (ERC) — Final,Floor,2017,,Ethereum ERCs,https://eips.ethereum.org/EIPS/eip-601
206,2017-04-22,Bitcoin Core 0.14.1 released,"Bitcoin Core version 0.14.1 was tagged and released, part of the reference implementation's continuous development history.",ICO Era (2016-2017),Client Release,Floor,2017,,Bitcoin Core,https://bitcoin.org/en/release/v0.14.1
207,2017-04-23,"EIP-606: ""Hardfork Meta: Homestead""","EIP-606 (""Hardfork Meta: Homestead"") was proposed. Status: Final. This specifies the changes included in the hard fork named Homestead.",ICO Era (2016-2017),Standard (EIP) — Final,Floor,2017,,Ethereum EIPs,https://eips.ethereum.org/EIPS/eip-606
208,2017-04-23,"EIP-607: ""Hardfork Meta: Spurious Dragon""","EIP-607 (""Hardfork Meta: Spurious Dragon"") was proposed. Status: Final. This specifies the changes included in the hard fork named Spurious Dragon.",ICO Era (2016-2017),Standard (EIP) — Final,Floor,2017,,Ethereum EIPs,https://eips.ethereum.org/EIPS/eip-607
209,2017-04-23,"EIP-608: ""Hardfork Meta: Tangerine Whistle""","EIP-608 (""Hardfork Meta: Tangerine Whistle"") was proposed. Status: Final. This specifies the changes included in the hard fork named Tangerine Whistle (EIP 150).",ICO Era (2016-2017),Standard (EIP) — Final,Floor,2017,,Ethereum EIPs,https://eips.ethereum.org/EIPS/eip-608
210,2017-04-23,"EIP-609: ""Hardfork Meta: Byzantium""","EIP-609 (""Hardfork Meta: Byzantium"") was proposed. Status: Final. This specifies the changes included in the hard fork named Byzantium.",ICO Era (2016-2017),Standard (EIP) — Final,Floor,2017,,Ethereum EIPs,https://eips.ethereum.org/EIPS/eip-609
211,2017-05-03,ERC-223: Token with transaction handling model,ERC-223 (Token with transaction handling model) was proposed. Status: Final. The following describes an interface and logic for fungible tokens that supports a tokenReceived callback to notify contract recipients when tokens are received. This makes tokens behave identical to ether.,ICO Era (2016-2017),Standard (ERC) — Final,Floor,2017,,Ethereum ERCs,https://eips.ethereum.org/EIPS/eip-223
212,2017-05-05,EIP-627: Whisper Specification,EIP-627 (Whisper Specification) was proposed. Status: Final. This EIP describes the format of Whisper messages within the ÐΞVp2p Wire Protocol. This EIP should substitute the existing specification. More detailed documentation on Whisper could be found [here,ICO Era (2016-2017),Standard (EIP) — Final,Floor,2017,,Ethereum EIPs,https://eips.ethereum.org/EIPS/eip-627
213,2017-05-11,BIP-159: NODENETWORKLIMITED service bit,BIP-159 (NODENETWORKLIMITED service bit) was proposed. Status: Deployed. Define a service bit that allows pruned peers to signal their limited services.,ICO Era (2016-2017),Standard (BIP) — Deployed,Floor,2017,,Bitcoin BIPs,https://github.com/bitcoin/bips/blob/master/bip-0159.mediawiki
214,2017-05-22,BIP-91: Reduced threshold Segwit MASF,BIP-91 (Reduced threshold Segwit MASF) was proposed. Status: Deployed. This document specifies a method to activate the existing BIP9 segwit deployment with a majority hashpower less than 95%.,ICO Era (2016-2017),Standard (BIP) — Deployed,Floor,2017,,Bitcoin BIPs,https://github.com/bitcoin/bips/blob/master/bip-0091.mediawiki
215,2017-05-24,BIP-157: Client Side Block Filtering,"BIP-157 (Client Side Block Filtering) was proposed. Status: Deployed. This BIP describes a new light client protocol in Bitcoin that improves upon currently available options. The standard light client protocol in use today, defined in BIP 37https://github.com/bitcoin/bips/blob/master/bip-0037.mediawiki, has known fla",ICO Era (2016-2017),Standard (BIP) — Deployed,Floor,2017,,Bitcoin BIPs,https://github.com/bitcoin/bips/blob/master/bip-0157.mediawiki
216,2017-05-24,BIP-158: Compact Block Filters for Light Clients,"BIP-158 (Compact Block Filters for Light Clients) was proposed. Status: Deployed. This BIP describes a structure for compact filters on block data, for use in the BIP 157 light client protocolbip-0157.mediawiki. The filter construction proposed is an alternative to Bloom filters, as used in BIP 37, that minimizes filter size by u",ICO Era (2016-2017),Standard (BIP) — Deployed,Floor,2017,,Bitcoin BIPs,https://github.com/bitcoin/bips/blob/master/bip-0158.mediawiki
217,2017-06-17,Bitcoin Core 0.14.2 released,"Bitcoin Core version 0.14.2 was tagged and released, part of the reference implementation's continuous development history.",ICO Era (2016-2017),Client Release,Floor,2017,,Bitcoin Core,https://bitcoin.org/en/release/v0.14.2
218,2017-06-21,EIP-649: Metropolis Difficulty Bomb Delay and Block Reward Reduction,"EIP-649 (Metropolis Difficulty Bomb Delay and Block Reward Reduction) was proposed. Status: Final. The average block times are increasing due to the difficulty bomb (also known as the ""ice age"") slowly accelerating. This EIP proposes to delay the difficulty bomb for approximately one and a half year and to reduce the block rewards with the Byzantium fork,",ICO Era (2016-2017),Standard (EIP) — Final,Floor,2017,,Ethereum EIPs,https://eips.ethereum.org/EIPS/eip-649
219,2017-06-23,CryptoPunks released,"Larva Labs made 10,000 algorithmically generated 24x24 characters free to claim, establishing the profile-picture NFT format years before the term existed.",ICO Era (2016-2017),Launch,Mid,2017,,Editorial research,
220,2017-06-26,BNB ICO opens,"Binance opened its BNB token sale, selling 100 million BNB at roughly $0.15 and raising about $15 million to fund the exchange's launch.",ICO Era (2016-2017),Launch,Mid,2017,,Editorial research,https://www.forbes.com/sites/digital-assets/2023/10/05/how-binance-turned-its-failed-token-ico-into-a-billion-dollar-windfall/
221,2017-06-30,EIP-658: Embedding transaction status code in receipts,EIP-658 (Embedding transaction status code in receipts) was proposed. Status: Final. This EIP replaces the intermediate state root field of the receipt with a status code indicating if the top-level call succeeded or failed.,ICO Era (2016-2017),Standard (EIP) — Final,Floor,2017,,Ethereum EIPs,https://eips.ethereum.org/EIPS/eip-658
222,2017-07-12,BIP-174: Partially Signed Bitcoin Transaction Format,BIP-174 (Partially Signed Bitcoin Transaction Format) was proposed. Status: Deployed.,ICO Era (2016-2017),Standard (BIP) — Deployed,Floor,2017,,Bitcoin BIPs,https://github.com/bitcoin/bips/blob/master/bip-0174.mediawiki
223,2017-07-14,Binance exchange goes live,"Changpeng Zhao launched Binance, which grew from a two-week-old ICO to the largest crypto exchange in the world within six months.",ICO Era (2016-2017),Launch,Mid,2017,,Editorial research,https://www.binance.com/en/square/post/3016057693137
224,2017-07-19,Parity Multisig,"Parity Multisig was exploited via delegatecall to unprotected initWallet. Reported loss: 153,037 ETH (~$30M).",ICO Era (2016-2017),Hack / Exploit,Floor,2017,"153,037 ETH (~$30M)",DeFiHackLabs,https://github.com/SunWeb3Sec/DeFiHackLabs
225,2017-07-25,SEC issues the DAO Report,"The SEC concluded DAO tokens were securities, putting the entire ICO market on notice that US law applied.",ICO Era (2016-2017),Regulatory,Mid,2017,,Editorial research,
226,2017-08-01,Bitcoin Cash forks off,"The block size war ended in schism as Bitcoin Cash split at block 478,558 with 8MB blocks.",ICO Era (2016-2017),Network Upgrade,Chase,2017,,Editorial research,
227,2017-08-01,ERC-681: URL Format for Transaction Requests,"ERC-681 (URL Format for Transaction Requests) was proposed. Status: Final. A standard way of representing various transactions, especially payment requests in ether and ERC-20 tokens as URLs.",ICO Era (2016-2017),Standard (ERC) — Final,Floor,2017,,Ethereum ERCs,https://eips.ethereum.org/EIPS/eip-681
228,2017-08-21,EIP-695: Create ethchainId method for JSON-RPC,EIP-695 (Create ethchainId method for JSON-RPC) was proposed. Status: Final. Include ethchainId method in eth-namespaced JSON-RPC methods.,ICO Era (2016-2017),Standard (EIP) — Final,Floor,2017,,Ethereum EIPs,https://eips.ethereum.org/EIPS/eip-695
229,2017-08-24,SegWit activates,"Segregated Witness locked in on Bitcoin, restructuring transaction data to fix malleability and enable the Lightning Network.",ICO Era (2016-2017),Network Upgrade,Chase,2017,,Editorial research,
230,2017-09-04,China bans ICOs,"Chinese regulators declared token sales illegal and ordered refunds, then moved to shut domestic exchanges.",ICO Era (2016-2017),Regulatory,Mid,2017,,Editorial research,
231,2017-09-07,EIP-706: DEVp2p snappy compression,"EIP-706 (DEVp2p snappy compression) was proposed. Status: Final. The base networking protocol (DEVp2p) used by Ethereum currently does not employ any form of compression. This results in a massive amount of bandwidth wasted in the entire network, making both initial sync as well as normal operation slower and laggier.",ICO Era (2016-2017),Standard (EIP) — Final,Floor,2017,,Ethereum EIPs,https://eips.ethereum.org/EIPS/eip-706
232,2017-09-12,EIP-712: Typed structured data hashing and signing,EIP-712 (Typed structured data hashing and signing) was proposed. Status: Final. This is a standard for hashing and signing of typed structured data as opposed to just bytestrings. It includes a,ICO Era (2016-2017),Standard (EIP) — Final,Floor,2017,,Ethereum EIPs,https://eips.ethereum.org/EIPS/eip-712
233,2017-09-14,Bitcoin Core 0.15.0 released,"Bitcoin Core version 0.15.0 was tagged and released, part of the reference implementation's continuous development history.",ICO Era (2016-2017),Client Release,Floor,2017,,Bitcoin Core,https://bitcoin.org/en/release/v0.15.0
234,2017-09-19,Bitcoin Core 0.15.0.1 released,"Bitcoin Core version 0.15.0.1 was tagged and released, part of the reference implementation's continuous development history.",ICO Era (2016-2017),Client Release,Floor,2017,,Bitcoin Core,https://bitcoin.org/en/release/v0.15.0.1
235,2017-09-29,Cardano mainnet launches,"Cardano launched its Byron mainnet, built on peer-reviewed research and a staged roadmap that drew both devotion and impatience.",ICO Era (2016-2017),Launch,Mid,2017,,Editorial research,https://cardano.org/hardforks/
236,2017-10-01,ICO mania peaks,Token sales raised more in a single month than the entire prior year as projects sold utility tokens on nothing but whitepapers.,ICO Era (2016-2017),Milestone,Mid,2017,,Editorial research,
237,2017-10-16,Byzantium,"Ethereum's Byzantium fork cut block rewards to 3 ETH, delayed the difficulty bomb and added precompiles enabling zk verification.",ICO Era (2016-2017),Network Upgrade,Chase,2017,,Editorial research,
238,2017-10-25,OneCoin's Ruja Ignatova disappears,The 'Cryptoqueen' vanished after running a $4 billion Ponzi that never had a blockchain at all; she remains on the FBI's most-wanted list.,ICO Era (2016-2017),Collapse,Chase,2017,,Editorial research,https://en.wikipedia.org/wiki/Ruja_Ignatova
239,2017-11-06,Parity,Parity was exploited via 'Accidentally Killed It'. Reported loss: 514k ETH.,ICO Era (2016-2017),Hack / Exploit,Floor,2017,514k ETH,DeFiHackLabs,https://github.com/SunWeb3Sec/DeFiHackLabs
240,2017-11-11,Bitcoin Core 0.15.1 released,"Bitcoin Core version 0.15.1 was tagged and released, part of the reference implementation's continuous development history.",ICO Era (2016-2017),Client Release,Floor,2017,,Bitcoin Core,https://bitcoin.org/en/release/v0.15.1
241,2017-11-20,ERC-777: Token Standard,ERC-777 (Token Standard) was proposed. Status: Final. This EIP defines standard interfaces and behaviors for token contracts.,ICO Era (2016-2017),Standard (ERC) — Final,Floor,2017,,Ethereum ERCs,https://eips.ethereum.org/EIPS/eip-777
242,2017-11-23,EIP-778: Ethereum Node Records (ENR),EIP-778 (Ethereum Node Records (ENR)) was proposed. Status: Final.,ICO Era (2016-2017),Standard (EIP) — Final,Floor,2017,,Ethereum EIPs,https://eips.ethereum.org/EIPS/eip-778
243,2017-11-26,"EIP-779: ""Hardfork Meta: DAO Fork""","EIP-779 (""Hardfork Meta: DAO Fork"") was proposed. Status: Final. This documents the changes included in the hard fork named ""DAO Fork"". Unlike other hard forks, the DAO Fork did not change the protocol; all EVM opcodes, transaction format, block structure, and so on remained the same. Rather, the DAO Fork was an ""irregular",ICO Era (2016-2017),Standard (EIP) — Final,Floor,2017,,Ethereum EIPs,https://eips.ethereum.org/EIPS/eip-779
244,2017-11-28,CryptoKitties congests Ethereum,The breeding game became so popular it consumed a double-digit share of Ethereum's gas and made scaling a mainstream topic.,ICO Era (2016-2017),Launch,Mid,2017,,Editorial research,
245,2017-12-01,OpenSea founded,Devin Finzer and Alex Atallah founded OpenSea weeks after CryptoKitties proved there was a market for trading NFTs.,ICO Era (2016-2017),Launch,Mid,2017,,Editorial research,https://en.wikipedia.org/wiki/OpenSea
246,2017-12-10,CBOE lists Bitcoin futures,"CBOE launched the first US-regulated Bitcoin futures contract, followed by CME a week later.",ICO Era (2016-2017),Milestone,Mid,2017,,Editorial research,
247,2017-12-17,"BTC peaks near $19,800","Bitcoin topped out around $19,783 before an 84% drawdown across 2018.",ICO Era (2016-2017),Milestone,Mid,2017,,Editorial research,
248,2017-12-28,BIP-84: Derivation scheme for P2WPKH based accounts,BIP-84 (Derivation scheme for P2WPKH based accounts) was proposed. Status: Deployed. This BIP defines the derivation scheme for HD wallets using the P2WPKH ([[bip-0173.mediawiki|BIP 173]]) serialization format for segregated witness transactions.,ICO Era (2016-2017),Standard (BIP) — Deployed,Floor,2017,,Bitcoin BIPs,https://github.com/bitcoin/bips/blob/master/bip-0084.mediawiki
249,2018-01-05,ERC-820: Pseudo-introspection Registry Contract,ERC-820 (Pseudo-introspection Registry Contract) was proposed. Status: Final. This standard defines a universal registry smart contract where any address (contract or regular account) can register which interface it supports and which smart contract is responsible for its implementation.,Bear Era (2018-2019),Standard (ERC) — Final,Floor,2018,,Ethereum ERCs,https://eips.ethereum.org/EIPS/eip-820
250,2018-01-16,BitConnect shuts down,"BitConnect closed its lending platform after cease-and-desist orders, and BCC fell roughly 92% in a day — the archetypal crypto Ponzi.",Bear Era (2018-2019),Collapse,Chase,2018,,Editorial research,https://en.wikipedia.org/wiki/Bitconnect
251,2018-01-23,ERC-165: Standard Interface Detection,ERC-165 (Standard Interface Detection) was proposed. Status: Final. Creates a standard method to publish and detect what interfaces a smart contract implements.,Bear Era (2018-2019),Standard (ERC) — Final,Floor,2018,,Ethereum ERCs,https://eips.ethereum.org/EIPS/eip-165
252,2018-01-24,ERC-721 standard finalised,"The non-fungible token standard was published, giving NFTs a common interface across wallets and marketplaces.",Bear Era (2018-2019),Milestone,Mid,2018,,Editorial research,
253,2018-01-24,ERC-721: Non-Fungible Token Standard,"ERC-721 (Non-Fungible Token Standard) was proposed. Status: Final. A standard interface for non-fungible tokens, also known as deeds.",Bear Era (2018-2019),Standard (ERC) — Final,Floor,2018,,Ethereum ERCs,https://eips.ethereum.org/EIPS/eip-721
254,2018-01-26,Coincheck loses $530M in NEM,"Attackers drained roughly $530 million of NEM from a Coincheck hot wallet, the largest exchange theft to that date.",Bear Era (2018-2019),Hack / Exploit,Floor,2018,,Editorial research,
255,2018-02-02,EIP-868: Node Discovery v4 ENR Extension,EIP-868 (Node Discovery v4 ENR Extension) was proposed. Status: Final.,Bear Era (2018-2019),Standard (EIP) — Final,Floor,2018,,Ethereum EIPs,https://eips.ethereum.org/EIPS/eip-868
256,2018-02-26,Bitcoin Core 0.16.0 released,"Bitcoin Core version 0.16.0 was tagged and released, part of the reference implementation's continuous development history.",Bear Era (2018-2019),Client Release,Floor,2018,,Bitcoin Core,https://bitcoin.org/en/release/v0.16.0
257,2018-03-14,Google and Facebook ban crypto ads,"Major ad platforms barred cryptocurrency advertising, cutting off retail acquisition channels during the ICO bust.",Bear Era (2018-2019),Regulatory,Mid,2018,,Editorial research,
258,2018-04-13,ERC-1046: tokenURI Interoperability,ERC-1046 (tokenURI Interoperability) was proposed. Status: Final. ERC-721 introduced a tokenURI function for non-fungible tokens to handle miscellaneous metadata such as:,Bear Era (2018-2019),Standard (ERC) — Final,Floor,2018,,Ethereum ERCs,https://eips.ethereum.org/EIPS/eip-1046
259,2018-04-20,"EIP-1013: ""Hardfork Meta: Constantinople""","EIP-1013 (""Hardfork Meta: Constantinople"") was proposed. Status: Final. This meta-EIP specifies the changes included in the Ethereum hardfork named Constantinople.",Bear Era (2018-2019),Standard (EIP) — Final,Floor,2018,,Ethereum EIPs,https://eips.ethereum.org/EIPS/eip-1013
260,2018-04-20,EIP-1014: Skinny CREATE2,EIP-1014 (Skinny CREATE2) was proposed. Status: Final.,Bear Era (2018-2019),Standard (EIP) — Final,Floor,2018,,Ethereum EIPs,https://eips.ethereum.org/EIPS/eip-1014
261,2018-04-22,Beauty Chain,Beauty Chain was exploited via integer Overflow. Reported loss: $900 million.,Bear Era (2018-2019),Hack / Exploit,Floor,2018,$900 million,DeFiHackLabs,https://github.com/SunWeb3Sec/DeFiHackLabs
262,2018-04-24,SmartMesh,SmartMesh was exploited via overflow. Reported loss: 140M.,Bear Era (2018-2019),Hack / Exploit,Floor,2018,140M,DeFiHackLabs,https://github.com/SunWeb3Sec/DeFiHackLabs
263,2018-05-02,EIP-1052: EXTCODEHASH opcode,"EIP-1052 (EXTCODEHASH opcode) was proposed. Status: Final. This EIP specifies a new opcode, which returns the keccak256 hash of a contract's code.",Bear Era (2018-2019),Standard (EIP) — Final,Floor,2018,,Ethereum EIPs,https://eips.ethereum.org/EIPS/eip-1052
264,2018-05-21,EIP-1108: Reduce altbn128 precompile gas costs,EIP-1108 (Reduce altbn128 precompile gas costs) was proposed. Status: Final. The elliptic curve arithmetic precompiles are currently overpriced. Re-pricing the precompiles would greatly assist a number of privacy solutions and scaling solutions on Ethereum.,Bear Era (2018-2019),Standard (EIP) — Final,Floor,2018,,Ethereum EIPs,https://eips.ethereum.org/EIPS/eip-1108
265,2018-06-07,ERC-173: Contract Ownership Standard,ERC-173 (Contract Ownership Standard) was proposed. Status: Final. This specification defines standard functions for owning or controlling a contract.,Bear Era (2018-2019),Standard (ERC) — Final,Floor,2018,,Ethereum ERCs,https://eips.ethereum.org/EIPS/eip-173
266,2018-06-10,EOS mainnet launches,"EOS launched after a year-long, $4.1 billion token sale, the largest ICO ever conducted.",Bear Era (2018-2019),Launch,Mid,2018,,Editorial research,
267,2018-06-14,SEC says ETH is not a security,"Director William Hinman stated that Ethereum, as sufficiently decentralised, was not a security — a position the agency later muddied.",Bear Era (2018-2019),Regulatory,Mid,2018,,Editorial research,
268,2018-06-15,Bitcoin Core 0.16.1 released,"Bitcoin Core version 0.16.1 was tagged and released, part of the reference implementation's continuous development history.",Bear Era (2018-2019),Client Release,Floor,2018,,Bitcoin Core,https://bitcoin.org/en/release/v0.16.1
269,2018-06-15,EIP-1153: Transient storage opcodes,"EIP-1153 (Transient storage opcodes) was proposed. Status: Final. This proposal introduces transient storage opcodes, which manipulate state that behaves identically to storage, except that transient storage is discarded after every transaction, and TSTORE is not subject to the gas stipend check as defined in [EIP-2200",Bear Era (2018-2019),Standard (EIP) — Final,Floor,2018,,Ethereum EIPs,https://eips.ethereum.org/EIPS/eip-1153
270,2018-06-17,ERC-1155: Multi Token Standard,"ERC-1155 (Multi Token Standard) was proposed. Status: Final. A standard interface for contracts that manage multiple token types. A single deployed contract may include any combination of fungible tokens, non-fungible tokens or other configurations (e.g. semi-fungible tokens).",Bear Era (2018-2019),Standard (ERC) — Final,Floor,2018,,Ethereum ERCs,https://eips.ethereum.org/EIPS/eip-1155
271,2018-06-22,ERC-1167: Minimal Proxy Contract,"ERC-1167 (Minimal Proxy Contract) was proposed. Status: Final. To simply and cheaply clone contract functionality in an immutable way, this standard specifies a minimal bytecode implementation that delegates all calls to a known, fixed address.",Bear Era (2018-2019),Standard (ERC) — Final,Floor,2018,,Ethereum ERCs,https://eips.ethereum.org/EIPS/eip-1167
272,2018-06-25,Tron mainnet launches,"Tron migrated off Ethereum to its own mainnet after a $70 million ICO, and Justin Sun's marketing became as notorious as the chain itself.",Bear Era (2018-2019),Launch,Mid,2018,,Editorial research,https://messari.io/project/tron/profile
273,2018-06-30,EIP-1193: Ethereum Provider JavaScript API,"EIP-1193 (Ethereum Provider JavaScript API) was proposed. Status: Final. A common convention in the Ethereum web application (""dapp"") ecosystem is for key management software (""wallets"") to expose their API via a JavaScript object in the web page. This object is called ""the Provider"".",Bear Era (2018-2019),Standard (EIP) — Final,Floor,2018,,Ethereum EIPs,https://eips.ethereum.org/EIPS/eip-1193
274,2018-07-19,EIP-1234: Constantinople Difficulty Bomb Delay and Block Reward Adjustment,"EIP-1234 (Constantinople Difficulty Bomb Delay and Block Reward Adjustment) was proposed. Status: Final. The average block times are increasing due to the difficulty bomb (also known as the ""ice age"") slowly accelerating. This EIP proposes to delay the difficulty bomb for approximately 12 months and to reduce the block rewards with the Constantinople fork, the",Bear Era (2018-2019),Standard (EIP) — Final,Floor,2018,,Ethereum EIPs,https://eips.ethereum.org/EIPS/eip-1234
275,2018-07-25,ERC-1271: Standard Signature Validation Method for Contracts,"ERC-1271 (Standard Signature Validation Method for Contracts) was proposed. Status: Final. Externally Owned Accounts (EOA) can sign messages with their associated private keys, but currently contracts cannot. We propose a standard way for any contracts to verify whether a signature on a behalf of a given contract is valid. This is possible via the i",Bear Era (2018-2019),Standard (ERC) — Final,Floor,2018,,Ethereum ERCs,https://eips.ethereum.org/EIPS/eip-1271
276,2018-07-29,Bitcoin Core 0.16.2 released,"Bitcoin Core version 0.16.2 was tagged and released, part of the reference implementation's continuous development history.",Bear Era (2018-2019),Client Release,Floor,2018,,Bitcoin Core,https://bitcoin.org/en/release/v0.16.2
277,2018-08-01,EIP-1283: Net gas metering for SSTORE without dirty maps,"EIP-1283 (Net gas metering for SSTORE without dirty maps) was proposed. Status: Final. This EIP proposes net gas metering changes for SSTORE opcode, enabling new usages for contract storage, and reducing excessive gas costs where it doesn't match how most implementations work.",Bear Era (2018-2019),Standard (EIP) — Final,Floor,2018,,Ethereum EIPs,https://eips.ethereum.org/EIPS/eip-1283
278,2018-08-13,EIP-747: walletwatchAsset RPC Method,"EIP-747 (walletwatchAsset RPC Method) was proposed. Status: Final. This EIP standardizes a new wallet-scoped RPC method, walletwatchAsset, to allow a client to suggest a token for the user's wallet to track.",Bear Era (2018-2019),Standard (EIP) — Final,Floor,2018,,Ethereum EIPs,https://eips.ethereum.org/EIPS/eip-747
279,2018-08-15,ERC-1328: WalletConnect URI Format,ERC-1328 (WalletConnect URI Format) was proposed. Status: Final. This standard defines how the data to connect some application and a wallet can be encoded with a URI. This URI can then be shown either as a QR code or as a link.,Bear Era (2018-2019),Standard (ERC) — Final,Floor,2018,,Ethereum ERCs,https://eips.ethereum.org/EIPS/eip-1328
280,2018-08-22,EIP-1344: ChainID opcode,EIP-1344 (ChainID opcode) was proposed. Status: Final. This EIP adds an opcode that returns the current chain's EIP-155 unique identifier.,Bear Era (2018-2019),Standard (EIP) — Final,Floor,2018,,Ethereum EIPs,https://eips.ethereum.org/EIPS/eip-1344
281,2018-08-30,ERC-1363: Payable Token,"ERC-1363 (Payable Token) was proposed. Status: Final. Defines a token interface for ERC-20 tokens that supports executing recipient code after transfer or transferFrom, or spender code after approve.",Bear Era (2018-2019),Standard (ERC) — Final,Floor,2018,,Ethereum ERCs,https://eips.ethereum.org/EIPS/eip-1363
282,2018-09-18,Bitcoin Core 0.16.3 released,"Bitcoin Core version 0.16.3 was tagged and released, part of the reference implementation's continuous development history.",Bear Era (2018-2019),Client Release,Floor,2018,,Bitcoin Core,https://bitcoin.org/en/release/v0.16.3
283,2018-09-25,ERC-1450: RTA-Controlled Security Token,"ERC-1450 (RTA-Controlled Security Token) was proposed. Status: Final. ERC-1450 facilitates the recording of ownership and transfer of securities sold in compliance with Securities Act Regulations CF, D, and A. This standard is informed by practical operational experience from SEC-registered transfer agents, brok",Bear Era (2018-2019),Standard (ERC) — Final,Floor,2018,,Ethereum ERCs,https://eips.ethereum.org/EIPS/eip-1450
284,2018-09-26,USDC launched,"Circle and Coinbase launched USDC as a fully reserved, attested dollar stablecoin positioned against Tether.",Bear Era (2018-2019),Launch,Mid,2018,,Editorial research,
285,2018-09-28,Bitcoin Core 0.14.3 released,"Bitcoin Core version 0.14.3 was tagged and released, part of the reference implementation's continuous development history.",Bear Era (2018-2019),Client Release,Floor,2018,,Bitcoin Core,https://bitcoin.org/en/release/v0.14.3
286,2018-09-28,Bitcoin Core 0.15.2 released,"Bitcoin Core version 0.15.2 was tagged and released, part of the reference implementation's continuous development history.",Bear Era (2018-2019),Client Release,Floor,2018,,Bitcoin Core,https://github.com/bitcoin/bitcoin/releases
287,2018-10-03,Bitcoin Core 0.17.0 released,"Bitcoin Core version 0.17.0 was tagged and released, part of the reference implementation's continuous development history.",Bear Era (2018-2019),Client Release,Floor,2018,,Bitcoin Core,https://bitcoin.org/en/release/v0.17.0
288,2018-10-30,Bitcoin Core 0.17.0.1 released,"Bitcoin Core version 0.17.0.1 was tagged and released, part of the reference implementation's continuous development history.",Bear Era (2018-2019),Client Release,Floor,2018,,Bitcoin Core,https://bitcoin.org/en/release/v0.17.0.1
289,2018-11-02,Uniswap V1 deployed,"Hayden Adams deployed Uniswap V1, bringing the constant-product automated market maker to Ethereum with a Vitalik-inspired design and a small grant.",Bear Era (2018-2019),Launch,Mid,2018,,Editorial research,
290,2018-11-15,Bitcoin Cash splits again,A hash war between Bitcoin ABC and Bitcoin SV split Bitcoin Cash and dragged the wider market lower.,Bear Era (2018-2019),Network Upgrade,Chase,2018,,Editorial research,
291,2018-12-15,"Bear market bottoms near $3,150","Bitcoin bottomed around $3,150, roughly 84% below its 2017 peak.",Bear Era (2018-2019),Milestone,Mid,2018,,Editorial research,
292,2018-12-25,Bitcoin Core 0.17.1 released,"Bitcoin Core version 0.17.1 was tagged and released, part of the reference implementation's continuous development history.",Bear Era (2018-2019),Client Release,Floor,2018,,Bitcoin Core,https://bitcoin.org/en/release/v0.17.1
293,2019-01-04,"EIP-1679: ""Hardfork Meta: Istanbul""","EIP-1679 (""Hardfork Meta: Istanbul"") was proposed. Status: Final. This meta-EIP specifies the changes included in the Ethereum hardfork named Istanbul.",Bear Era (2018-2019),Standard (EIP) — Final,Floor,2019,,Ethereum EIPs,https://eips.ethereum.org/EIPS/eip-1679
294,2019-01-21,"EIP-1716: ""Hardfork Meta: Petersburg""","EIP-1716 (""Hardfork Meta: Petersburg"") was proposed. Status: Final. This meta-EIP specifies the changes included in the Ethereum hardfork that removes EIP-1283 from Constantinople.",Bear Era (2018-2019),Standard (EIP) — Final,Floor,2019,,Ethereum EIPs,https://eips.ethereum.org/EIPS/eip-1716
295,2019-02-16,BIP-137: Signatures of Messages using Private Keys,BIP-137 (Signatures of Messages using Private Keys) was proposed. Status: Deployed. This document describes a signature format for signing messages with Bitcoin private keys.,Bear Era (2018-2019),Standard (BIP) — Deployed,Floor,2019,,Bitcoin BIPs,https://github.com/bitcoin/bips/blob/master/bip-0137.mediawiki
296,2019-02-27,BIP-155: addrv2 message,BIP-155 (addrv2 message) was proposed. Status: Deployed.,Bear Era (2018-2019),Standard (BIP) — Deployed,Floor,2019,,Bitcoin BIPs,https://github.com/bitcoin/bips/blob/master/bip-0155.mediawiki
297,2019-02-28,Constantinople and Petersburg,"Ethereum activated Constantinople alongside Petersburg, which disabled EIP-1283 after a last-minute reentrancy risk was found.",Bear Era (2018-2019),Network Upgrade,Chase,2019,,Editorial research,
298,2019-03-04,ERC-1820: Pseudo-introspection Registry Contract,ERC-1820 (Pseudo-introspection Registry Contract) was proposed. Status: Final. This standard defines a universal registry smart contract where any address (contract or regular account) can register which interface it supports and which smart contract is responsible for its implementation.,Bear Era (2018-2019),Standard (ERC) — Final,Floor,2019,,Ethereum ERCs,https://eips.ethereum.org/EIPS/eip-1820
299,2019-03-08,BIP-324: Version 2 P2P Encrypted Transport Protocol,BIP-324 (Version 2 P2P Encrypted Transport Protocol) was proposed. Status: Deployed.,Bear Era (2018-2019),Standard (BIP) — Deployed,Floor,2019,,Bitcoin BIPs,https://github.com/bitcoin/bips/blob/master/bip-0324.mediawiki
300,2019-03-13,Cosmos Hub launches,The Cosmos Hub went live with Tendermint consensus and the IBC vision of an interconnected network of sovereign chains.,Bear Era (2018-2019),Launch,Mid,2019,,Editorial research,https://en.wikipedia.org/wiki/Cosmos_(network)
301,2019-03-14,ERC-2098: Compact Signature Representation,"ERC-2098 (Compact Signature Representation) was proposed. Status: Final. The secp256k1 curve permits the computation of the public key of signed digest when coupled with a signature, which is used implicitly to establish the origin of a transaction from an Externally Owned Account as well as on-chain in EVM contracts for example, i",Bear Era (2018-2019),Standard (ERC) — Final,Floor,2019,,Ethereum ERCs,https://eips.ethereum.org/EIPS/eip-2098
302,2019-03-28,EIP-1884: Repricing for trie-size-dependent opcodes,"EIP-1884 (Repricing for trie-size-dependent opcodes) was proposed. Status: Final. This EIP proposes repricing certain opcodes, to obtain a good balance between gas expenditure and resource consumption.",Bear Era (2018-2019),Standard (EIP) — Final,Floor,2019,,Ethereum EIPs,https://eips.ethereum.org/EIPS/eip-1884
303,2019-04-01,EIP-1898: Add blockHash to defaultBlock methods,"EIP-1898 (Add blockHash to defaultBlock methods) was proposed. Status: Final. For JSON-RPC methods which currently accept a default block parameter, additionally allow the parameter to be a block hash.",Bear Era (2018-2019),Standard (EIP) — Final,Floor,2019,,Ethereum EIPs,https://eips.ethereum.org/EIPS/eip-1898
304,2019-04-13,EIP-1559: Fee market change for ETH 1.0 chain,EIP-1559 (Fee market change for ETH 1.0 chain) was proposed. Status: Final. A transaction pricing mechanism that includes fixed-per-block network fee that is burned and dynamically expands/contracts block sizes to deal with transient congestion.,Bear Era (2018-2019),Standard (EIP) — Final,Floor,2019,,Ethereum EIPs,https://eips.ethereum.org/EIPS/eip-1559
305,2019-04-24,ERC-1967: Proxy Storage Slots,ERC-1967 (Proxy Storage Slots) was proposed. Status: Final. Delegating proxy contracts are widely used for both upgradeability and gas savings. These proxies rely on a logic contract (also known as implementation contract or master copy) that is called using delegatecall. This allows proxies to keep a persist,Bear Era (2018-2019),Standard (ERC) — Final,Floor,2019,,Ethereum ERCs,https://eips.ethereum.org/EIPS/eip-1967
306,2019-05-01,BIP-78: A Simple Payjoin Proposal,BIP-78 (A Simple Payjoin Proposal) was proposed. Status: Deployed.,Bear Era (2018-2019),Standard (BIP) — Deployed,Floor,2019,,Bitcoin BIPs,https://github.com/bitcoin/bips/blob/master/bip-0078.mediawiki
307,2019-05-02,Bitcoin Core 0.18.0 released,"Bitcoin Core version 0.18.0 was tagged and released, part of the reference implementation's continuous development history.",Bear Era (2018-2019),Client Release,Floor,2019,,Bitcoin Core,https://bitcoin.org/en/release/v0.18.0
308,2019-05-03,EIP-2028: Transaction data gas cost reduction,"EIP-2028 (Transaction data gas cost reduction) was proposed. Status: Final. We propose to reduce the gas cost of Calldata (GTXDATANONZERO) from its current value of 68 gas per byte to 16 gas per byte, to be backed by mathematical modeling and empirical estimates. The mathematical model is the one used in the works of Sompolinsky and",Bear Era (2018-2019),Standard (EIP) — Final,Floor,2019,,Ethereum EIPs,https://eips.ethereum.org/EIPS/eip-2028
309,2019-05-03,EIP-2124: Fork identifier for chain compatibility checks,"EIP-2124 (Fork identifier for chain compatibility checks) was proposed. Status: Final. Currently nodes in the Ethereum network try to find each other by establishing random connections to remote machines ""looking"" like an Ethereum node (public networks, private networks, test networks, etc), hoping that they found a useful peer (same genesis, sa",Bear Era (2018-2019),Standard (EIP) — Final,Floor,2019,,Ethereum EIPs,https://eips.ethereum.org/EIPS/eip-2124
310,2019-05-07,"Binance loses 7,074 BTC","Attackers withdrew 7,000 BTC from Binance's hot wallet; the exchange covered it from its SAFU insurance fund.",Bear Era (2018-2019),Hack / Exploit,Floor,2019,,Editorial research,
311,2019-05-08,FTX launches,Sam Bankman-Fried launched FTX as a derivatives exchange built by traders for traders; it reached a $32 billion valuation before collapsing three years later.,Bear Era (2018-2019),Launch,Mid,2019,,Editorial research,https://en.wikipedia.org/wiki/FTX
312,2019-06-18,Facebook announces Libra,"Facebook unveiled the Libra stablecoin, triggering a global regulatory backlash that ultimately killed the project.",Bear Era (2018-2019),Launch,Mid,2019,,Editorial research,
313,2019-06-23,"ERC-2135: Consumable Interface (Tickets, etc)","ERC-2135 (Consumable Interface (Tickets, etc)) was proposed. Status: Final. This EIP defines an interface to mark a digital asset as ""consumable"" and to react to its ""consumption.""",Bear Era (2018-2019),Standard (ERC) — Final,Floor,2019,,Ethereum ERCs,https://eips.ethereum.org/EIPS/eip-2135
314,2019-06-29,PlusToken collapses,The PlusToken Ponzi collapsed in China after taking in billions in BTC and ETH; subsequent liquidations pressured markets for months.,Bear Era (2018-2019),Collapse,Chase,2019,,Editorial research,https://en.wikipedia.org/wiki/PlusToken
315,2019-07-01,EIP-2159: Common Prometheus Metrics Names for Clients,"EIP-2159 (Common Prometheus Metrics Names for Clients) was proposed. Status: Final. Standardized names of common metrics for Ethereum clients to use with Prometheus, a widely used monitoring and alerting solution.",Bear Era (2018-2019),Standard (EIP) — Final,Floor,2019,,Ethereum EIPs,https://eips.ethereum.org/EIPS/eip-2159
316,2019-07-18,EIP-2200: Structured Definitions for Net Gas Metering,"EIP-2200 (Structured Definitions for Net Gas Metering) was proposed. Status: Final. This is an EIP that implements net gas metering. It's a combined version of [EIP-1283] and [EIP-1706], with a structured definition so as to make it interoperable with other gas changes such as [EIP-1884].",Bear Era (2018-2019),Standard (EIP) — Final,Floor,2019,,Ethereum EIPs,https://eips.ethereum.org/EIPS/eip-2200
317,2019-08-04,EIP-2228: Canonicalize the name of network ID 1 and chain ID 1,EIP-2228 (Canonicalize the name of network ID 1 and chain ID 1) was proposed. Status: Final. The Ethereum network with network ID 1 and chain ID 1 is named Ethereum Mainnet.,Bear Era (2018-2019),Standard (EIP) — Final,Floor,2019,,Ethereum EIPs,https://eips.ethereum.org/EIPS/eip-2228
318,2019-08-09,Bitcoin Core 0.18.1 released,"Bitcoin Core version 0.18.1 was tagged and released, part of the reference implementation's continuous development history.",Bear Era (2018-2019),Client Release,Floor,2019,,Bitcoin Core,https://bitcoin.org/en/release/v0.18.1
319,2019-08-22,EIP-2255: Wallet Permissions System,"EIP-2255 (Wallet Permissions System) was proposed. Status: Final. This EIP adds two new wallet-namespaced RPC endpoints, walletgetPermissions and walletrequestPermissions, providing a standard interface for requesting and checking permissions.",Bear Era (2018-2019),Standard (EIP) — Final,Floor,2019,,Ethereum EIPs,https://eips.ethereum.org/EIPS/eip-2255
320,2019-09-23,Bakkt launches physically settled futures,ICE's Bakkt began offering physically delivered Bitcoin futures aimed at institutional custody needs.,Bear Era (2018-2019),Launch,Mid,2019,,Editorial research,
321,2019-10-02,Bitcoin Core 0.17.2 released,"Bitcoin Core version 0.17.2 was tagged and released, part of the reference implementation's continuous development history.",Bear Era (2018-2019),Client Release,Floor,2019,,Bitcoin Core,https://github.com/bitcoin/bitcoin/releases
322,2019-10-08,ERC-2309: ERC-721 Consecutive Transfer Extension,"ERC-2309 (ERC-721 Consecutive Transfer Extension) was proposed. Status: Final. A standardized event emitted when creating/transferring one, or many non-fungible tokens using consecutive token identifiers.",Bear Era (2018-2019),Standard (ERC) — Final,Floor,2019,,Ethereum ERCs,https://eips.ethereum.org/EIPS/eip-2309
323,2019-11-01,Synthetix pioneers liquidity mining,"Synthetix began incentivising liquidity with token rewards, the mechanism that would define DeFi summer.",Bear Era (2018-2019),Launch,Mid,2019,,Editorial research,
324,2019-11-08,Bitcoin Core 0.19.0 released,"Bitcoin Core version 0.19.0 was tagged and released, part of the reference implementation's continuous development history.",Bear Era (2018-2019),Client Release,Floor,2019,,Bitcoin Core,https://github.com/bitcoin/bitcoin/releases
325,2019-11-08,"EIP-2364: ""eth/64: forkid-extended protocol handshake""","EIP-2364 (""eth/64: forkid-extended protocol handshake"") was proposed. Status: Final. This EIP specifies the inclusion of the forkid, originally defined in (EIP-2124), as a new field in the Ethereum wire protocol (eth) handshake. This change is implemented as a new version of the wire protocol, eth/64.",Bear Era (2018-2019),Standard (EIP) — Final,Floor,2019,,Ethereum EIPs,https://eips.ethereum.org/EIPS/eip-2364
326,2019-11-14,Bitcoin Core 0.19.0.1 released,"Bitcoin Core version 0.19.0.1 was tagged and released, part of the reference implementation's continuous development history.",Bear Era (2018-2019),Client Release,Floor,2019,,Bitcoin Core,https://bitcoin.org/en/release/v0.19.0.1
327,2019-11-20,EIP-2384: Muir Glacier Difficulty Bomb Delay,"EIP-2384 (Muir Glacier Difficulty Bomb Delay) was proposed. Status: Final. The average block times are increasing due to the difficulty bomb (also known as the ""ice age"") and slowly accelerating. This EIP proposes to delay the difficulty bomb for another 4,000,000 blocks (~611 days).",Bear Era (2018-2019),Standard (EIP) — Final,Floor,2019,,Ethereum EIPs,https://eips.ethereum.org/EIPS/eip-2384
328,2019-11-22,"EIP-2387: ""Hardfork Meta: Muir Glacier""","EIP-2387 (""Hardfork Meta: Muir Glacier"") was proposed. Status: Final. This meta-EIP specifies the changes included in the Ethereum hard fork named Muir Glacier. This hard fork addresses the impending Ice Age on Ethereum Mainnet and includes a commitment to solving the problems with the ice age more permanently.",Bear Era (2018-2019),Standard (EIP) — Final,Floor,2019,,Ethereum EIPs,https://eips.ethereum.org/EIPS/eip-2387
329,2019-12-08,Istanbul,"Ethereum repriced opcodes and added cheaper zk-SNARK verification, improving L2 economics.",Bear Era (2018-2019),Network Upgrade,Chase,2019,,Editorial research,
330,2020-01-02,Muir Glacier,Ethereum delayed the difficulty bomb again to keep block times stable ahead of proof-of-stake.,DeFi & NFT Era (2020-2021),Network Upgrade,Chase,2020,,Editorial research,
331,2020-01-13,"EIP-2464: ""eth/65: transaction announcements and retrievals""","EIP-2464 (""eth/65: transaction announcements and retrievals"") was proposed. Status: Final. This EIP introduces three additional message types into the eth protocol (releasing a new version, eth/65): NewPooledTransactionHashes (0x08) to announce a set of transactions without their content; GetPooledTransactions (0x09) to request a batch of tr",DeFi & NFT Era (2020-2021),Standard (EIP) — Final,Floor,2020,,Ethereum EIPs,https://eips.ethereum.org/EIPS/eip-2464
332,2020-01-17,EIP-2481: eth/66 request identifier,"EIP-2481 (eth/66 request identifier) was proposed. Status: Final. The eth protocol defines various request and response commands that are used to exchange data between Ethereum nodes. For example, to ask a peer node for a specific set of headers, a node sends it the [GetBlockHeaders",DeFi & NFT Era (2020-2021),Standard (EIP) — Final,Floor,2020,,Ethereum EIPs,https://eips.ethereum.org/EIPS/eip-2481
333,2020-01-19,BIP-340: Schnorr Signatures for secp256k1,BIP-340 (Schnorr Signatures for secp256k1) was proposed. Status: Deployed.,DeFi & NFT Era (2020-2021),Standard (BIP) — Deployed,Floor,2020,,Bitcoin BIPs,https://github.com/bitcoin/bips/blob/master/bip-0340.mediawiki
334,2020-01-19,BIP-341: Taproot: SegWit version 1 spending rules,BIP-341 (Taproot: SegWit version 1 spending rules) was proposed. Status: Deployed.,DeFi & NFT Era (2020-2021),Standard (BIP) — Deployed,Floor,2020,,Bitcoin BIPs,https://github.com/bitcoin/bips/blob/master/bip-0341.mediawiki
335,2020-01-19,BIP-342: Validation of Taproot Scripts,BIP-342 (Validation of Taproot Scripts) was proposed. Status: Deployed.,DeFi & NFT Era (2020-2021),Standard (BIP) — Deployed,Floor,2020,,Bitcoin BIPs,https://github.com/bitcoin/bips/blob/master/bip-0342.mediawiki
336,2020-02-03,BIP-339: WTXID-based transaction relay,"BIP-339 (WTXID-based transaction relay) was proposed. Status: Deployed. This BIP describes two changes to the p2p protocol to support transaction relay based on the BIP 141 wtxid of a transaction, rather than its txid.",DeFi & NFT Era (2020-2021),Standard (BIP) — Deployed,Floor,2020,,Bitcoin BIPs,https://github.com/bitcoin/bips/blob/master/bip-0339.mediawiki
337,2020-02-11,Bankless podcast first episode,"Ryan Sean Adams and David Hoffman launched the Bankless podcast, which grew into the most influential media brand in crypto and the default on-ramp for a generation of Ethereum users.",DeFi & NFT Era (2020-2021),Launch,Mid,2020,,Editorial research,https://www.podchaser.com/podcasts/bankless-1020475
338,2020-02-21,EIP-2537: Precompile for BLS12-381 curve operations,"EIP-2537 (Precompile for BLS12-381 curve operations) was proposed. Status: Final. Add functionality to efficiently perform operations over the BLS12-381 curve, including those for BLS signature verification.",DeFi & NFT Era (2020-2021),Standard (EIP) — Final,Floor,2020,,Ethereum EIPs,https://eips.ethereum.org/EIPS/eip-2537
339,2020-02-22,"ERC-2535: Diamonds, Multi-Facet Proxy","ERC-2535 (Diamonds, Multi-Facet Proxy) was proposed. Status: Final.",DeFi & NFT Era (2020-2021),Standard (ERC) — Final,Floor,2020,,Ethereum ERCs,https://eips.ethereum.org/EIPS/eip-2535
340,2020-03-09,Bitcoin Core 0.19.1 released,"Bitcoin Core version 0.19.1 was tagged and released, part of the reference implementation's continuous development history.",DeFi & NFT Era (2020-2021),Client Release,Floor,2020,,Bitcoin Core,https://bitcoin.org/en/release/v0.19.1
341,2020-03-12,Black Thursday,Crypto fell roughly 50% in a day as COVID panic hit every market; MakerDAO's liquidation system failed under congestion and auctioned collateral for zero DAI.,DeFi & NFT Era (2020-2021),Milestone,Mid,2020,,Editorial research,
342,2020-03-16,Solana mainnet beta,Solana launched mainnet beta with proof-of-history sequencing and sub-second blocks.,DeFi & NFT Era (2020-2021),Launch,Mid,2020,,Editorial research,
343,2020-03-20,BIP-85: Deterministic Entropy From BIP32 Keychains,"BIP-85 (Deterministic Entropy From BIP32 Keychains) was proposed. Status: Deployed. ''""One Seed to rule them all,'' ''One Key to find them,'' ''One Path to bring them all,'' ''And in cryptography bind them.""''",DeFi & NFT Era (2020-2021),Standard (BIP) — Deployed,Floor,2020,,Bitcoin BIPs,https://github.com/bitcoin/bips/blob/master/bip-0085.mediawiki
344,2020-03-20,EIP-2565: ModExp Gas Cost,EIP-2565 (ModExp Gas Cost) was proposed. Status: Final. Defines the gas cost of the ModExp (0x00.05) precompile.,DeFi & NFT Era (2020-2021),Standard (EIP) — Final,Floor,2020,,Ethereum EIPs,https://eips.ethereum.org/EIPS/eip-2565
345,2020-04-13,ERC-2612: Permit Extension for EIP-20 Signed Approvals,"ERC-2612 (Permit Extension for EIP-20 Signed Approvals) was proposed. Status: Final. Arguably one of the main reasons for the success of EIP-20 tokens lies in the interplay between approve and transferFrom, which allows for tokens to not only be transferred between externally owned accounts (EOA), but to be used in other con",DeFi & NFT Era (2020-2021),Standard (ERC) — Final,Floor,2020,,Ethereum ERCs,https://eips.ethereum.org/EIPS/eip-2612
346,2020-04-18,UniSwapV1,"UniSwapV1 was exploited via eRC777 Reentrancy. Reported loss: $220,000.",DeFi & NFT Era (2020-2021),Hack / Exploit,Floor,2020,"$220,000",DeFiHackLabs,https://github.com/SunWeb3Sec/DeFiHackLabs
347,2020-04-19,LendfMe,"LendfMe was exploited via eRC777 Reentrancy. Reported loss: $25,000,000.",DeFi & NFT Era (2020-2021),Hack / Exploit,Floor,2020,"$25,000,000",DeFiHackLabs,https://github.com/SunWeb3Sec/DeFiHackLabs
348,2020-04-22,NEAR Protocol mainnet,"NEAR launched its mainnet in restricted mode with sharding and human-readable account names, opening to full transfers that October.",DeFi & NFT Era (2020-2021),Launch,Mid,2020,,Editorial research,https://www.near.org/blog/near-mainnet-genesis
349,2020-04-25,EIP-2681: Limit account nonce to 2^64-1,EIP-2681 (Limit account nonce to 2^64-1) was proposed. Status: Final. Limit account nonce to be between 0 and 2^64-1.,DeFi & NFT Era (2020-2021),Standard (EIP) — Final,Floor,2020,,Ethereum EIPs,https://eips.ethereum.org/EIPS/eip-2681
350,2020-05-01,Polkadot genesis,"Polkadot's genesis block was produced, launching Gavin Wood's shared-security parachain architecture.",DeFi & NFT Era (2020-2021),Launch,Mid,2020,,Editorial research,https://en.wikipedia.org/wiki/Polkadot_(blockchain_platform)
351,2020-05-11,Third Bitcoin halving,"At block 630,000 the subsidy fell from 12.5 BTC to 6.25 BTC.",DeFi & NFT Era (2020-2021),Network Upgrade,Chase,2020,,Editorial research,
352,2020-05-18,Uniswap V2,"Uniswap V2 added direct ERC-20 pairs, flash swaps and price oracles.",DeFi & NFT Era (2020-2021),Launch,Mid,2020,,Editorial research,
353,2020-05-26,ERC-2678: Revised Ethereum Smart Contract Packaging Standard (EthPM v3),ERC-2678 (Revised Ethereum Smart Contract Packaging Standard (EthPM v3)) was proposed. Status: Final. A data format describing a smart contract software package.,DeFi & NFT Era (2020-2021),Standard (ERC) — Final,Floor,2020,,Ethereum ERCs,https://eips.ethereum.org/EIPS/eip-2678
354,2020-06-03,Bitcoin Core 0.20.0 released,"Bitcoin Core version 0.20.0 was tagged and released, part of the reference implementation's continuous development history.",DeFi & NFT Era (2020-2021),Client Release,Floor,2020,,Bitcoin Core,https://bitcoin.org/en/release/v0.20.0
355,2020-06-04,EIP-2696: JavaScript request method RPC transport,EIP-2696 (JavaScript request method RPC transport) was proposed. Status: Final. A standard for remote procedure calls between an Ethereum Provider and an Ethereum Client when both are able to interface with each other via a shared JavaScript object.,DeFi & NFT Era (2020-2021),Standard (EIP) — Final,Floor,2020,,Ethereum EIPs,https://eips.ethereum.org/EIPS/eip-2696
356,2020-06-05,EIP-2700: JavaScript Provider Event Emitter,EIP-2700 (JavaScript Provider Event Emitter) was proposed. Status: Final. A standard mechanism for JavaScript Ethereum Providers to notify clients about chain state changes when both are able to interface with each other via a shared JavaScript object.,DeFi & NFT Era (2020-2021),Standard (EIP) — Final,Floor,2020,,Ethereum EIPs,https://eips.ethereum.org/EIPS/eip-2700
357,2020-06-13,EIP-2718: Typed Transaction Envelope,"EIP-2718 (Typed Transaction Envelope) was proposed. Status: Final. TransactionType || TransactionPayload is a valid transaction and TransactionType || ReceiptPayload is a valid transaction receipt where TransactionType identifies the format of the transaction and Payload is the transaction/receipt contents, which are",DeFi & NFT Era (2020-2021),Standard (EIP) — Final,Floor,2020,,Ethereum EIPs,https://eips.ethereum.org/EIPS/eip-2718
358,2020-06-15,Compound launches COMP and starts DeFi summer,"Compound began distributing COMP to borrowers and lenders, and yield farming became the dominant activity on Ethereum overnight.",DeFi & NFT Era (2020-2021),Milestone,Mid,2020,,Editorial research,
359,2020-07-01,ERC-2771: Secure Protocol for Native Meta Transactions,ERC-2771 (Secure Protocol for Native Meta Transactions) was proposed. Status: Final. This EIP defines a contract-level protocol for Recipient contracts to accept meta-transactions through trusted Forwarder contracts. No protocol changes are made. Recipient contracts are sent the effective msg.sender (referred to as msgSender()) and,DeFi & NFT Era (2020-2021),Standard (ERC) — Final,Floor,2020,,Ethereum ERCs,https://eips.ethereum.org/EIPS/eip-2771
360,2020-07-19,ERC-3668: CCIP Read—Secure offchain data retrieval,"ERC-3668 (CCIP Read—Secure offchain data retrieval) was proposed. Status: Final. Contracts wishing to support lookup of data from external sources may, instead of returning the data directly, revert using OffchainLookup(address sender, string[] urls, bytes callData, bytes4 callbackFunction, bytes extraData). Clients supporting this speci",DeFi & NFT Era (2020-2021),Standard (ERC) — Final,Floor,2020,,Ethereum ERCs,https://eips.ethereum.org/EIPS/eip-3668
361,2020-08-01,Bitcoin Core 0.20.1 released,"Bitcoin Core version 0.20.1 was tagged and released, part of the reference implementation's continuous development history.",DeFi & NFT Era (2020-2021),Client Release,Floor,2020,,Bitcoin Core,https://bitcoin.org/en/release/v0.20.1
362,2020-08-01,Shiba Inu launches,"An anonymous founder called Ryoshi launched SHIB as the self-described 'Dogecoin killer', sending half the supply to Vitalik Buterin's wallet.",DeFi & NFT Era (2020-2021),Launch,Mid,2020,,Editorial research,https://en.wikipedia.org/wiki/Shiba_Inu_(cryptocurrency)
363,2020-08-11,MicroStrategy buys Bitcoin as treasury,"MicroStrategy announced $250 million in BTC as its primary reserve asset, opening the corporate treasury trade.",DeFi & NFT Era (2020-2021),Milestone,Mid,2020,,Editorial research,
364,2020-08-11,Yearn launches YFI with no premine,"Andre Cronje distributed YFI entirely to users with no founder allocation, and it briefly traded above the price of Bitcoin.",DeFi & NFT Era (2020-2021),Launch,Mid,2020,,Editorial research,
365,2020-08-29,EIP-2930: Optional access lists,"EIP-2930 (Optional access lists) was proposed. Status: Final. Adds a transaction type which contains an access list, a list of addresses and storage keys that the transaction plans to access. Accesses outside the list are possible, but become more expensive.",DeFi & NFT Era (2020-2021),Standard (EIP) — Final,Floor,2020,,Ethereum EIPs,https://eips.ethereum.org/EIPS/eip-2930
366,2020-09-01,Binance Smart Chain launches,"BSC launched as an EVM-compatible chain with cheap fees, absorbing enormous retail volume during the 2021 cycle.",DeFi & NFT Era (2020-2021),Launch,Mid,2020,,Editorial research,https://en.wikipedia.org/wiki/BNB_Smart_Chain_(blockchain_platform)
367,2020-09-01,EIP-2929: Gas cost increases for state access opcodes,"EIP-2929 (Gas cost increases for state access opcodes) was proposed. Status: Final. Increases gas cost for SLOAD, CALL, BALANCE, EXT and SELFDESTRUCT when used for the first time in a transaction.",DeFi & NFT Era (2020-2021),Standard (EIP) — Final,Floor,2020,,Ethereum EIPs,https://eips.ethereum.org/EIPS/eip-2929
368,2020-09-01,PancakeSwap launches on BSC,PancakeSwap launched as an anonymous Uniswap fork on Binance Smart Chain and became the largest DEX outside Ethereum on the back of cheap fees.,DeFi & NFT Era (2020-2021),Launch,Mid,2020,,Editorial research,https://en.wikipedia.org/wiki/PancakeSwap
369,2020-09-01,SushiSwap vampire attack,"SushiSwap forked Uniswap and drained over $1 billion of its liquidity with token incentives, proving open-source liquidity was mercenary.",DeFi & NFT Era (2020-2021),Milestone,Mid,2020,,Editorial research,
370,2020-09-03,EIP-2935: Serve historical block hashes from state,EIP-2935 (Serve historical block hashes from state) was proposed. Status: Final. Store last HISTORYSERVEWINDOW historical block hashes in the storage of a system contract as part of the block processing logic. Furthermore this EIP has no impact on BLOCKHASH resolution mechanism (and hence its range/costs etc).,DeFi & NFT Era (2020-2021),Standard (EIP) — Final,Floor,2020,,Ethereum EIPs,https://eips.ethereum.org/EIPS/eip-2935
371,2020-09-13,EIP-2976: Typed Transactions over Gossip,"EIP-2976 (Typed Transactions over Gossip) was proposed. Status: Final. Typed Transactions can be sent over devp2p as TransactionType || TransactionPayload. The exact contents of the TransactionPayload are defined by the TransactionType in future EIPs, and clients may start supporting their gossip without in",DeFi & NFT Era (2020-2021),Standard (EIP) — Final,Floor,2020,,Ethereum EIPs,https://eips.ethereum.org/EIPS/eip-2976
372,2020-09-15,EIP-2982: Serenity Phase 0,"EIP-2982 (Serenity Phase 0) was proposed. Status: Final. This EIP specifies Phase 0 of Serenity (eth2), a multi-phased upgrade to the consensus mechanism for Ethereum mainnet. In Phase 0, the existing PoW chain and mechanics are entirely unaffected, while a PoS chain -- the beacon chain -- is built in parallel to se",DeFi & NFT Era (2020-2021),Standard (EIP) — Final,Floor,2020,,Ethereum EIPs,https://eips.ethereum.org/EIPS/eip-2982
373,2020-09-15,ERC-2981: NFT Royalty Standard,ERC-2981 (NFT Royalty Standard) was proposed. Status: Final. A standardized way to retrieve royalty payment information for non-fungible tokens (NFTs) to enable universal support for royalty payments across all NFT marketplaces and ecosystem participants.,DeFi & NFT Era (2020-2021),Standard (ERC) — Final,Floor,2020,,Ethereum ERCs,https://eips.ethereum.org/EIPS/eip-2981
374,2020-09-16,Uniswap airdrops UNI,"Uniswap retroactively airdropped 400 UNI to every past user, setting the template for retroactive token distribution.",DeFi & NFT Era (2020-2021),Milestone,Mid,2020,,Editorial research,
375,2020-09-21,Avalanche mainnet,Avalanche launched with its subnet architecture and sub-second finality consensus.,DeFi & NFT Era (2020-2021),Launch,Mid,2020,,Editorial research,
376,2020-10-08,Square buys $50M in Bitcoin,"Square allocated 1% of assets to Bitcoin, following MicroStrategy into corporate treasury exposure.",DeFi & NFT Era (2020-2021),Milestone,Mid,2020,,Editorial research,
377,2020-10-26,Harvest Finance,Harvest Finance was exploited via flashloan Attack. Reported loss: $33.8 million.,DeFi & NFT Era (2020-2021),Hack / Exploit,Floor,2020,$33.8 million,DeFiHackLabs,https://github.com/SunWeb3Sec/DeFiHackLabs
378,2020-11-04,Beacon Chain deposit contract goes live,"Ethereum's staking deposit contract opened, requiring 524,288 ETH staked before the Beacon Chain could launch.",DeFi & NFT Era (2020-2021),Milestone,Mid,2020,,Editorial research,
379,2020-11-15,ERC-3156: Flash Loans,ERC-3156 (Flash Loans) was proposed. Status: Final. This ERC provides standard interfaces and processes for single-asset flash loans.,DeFi & NFT Era (2020-2021),Standard (ERC) — Final,Floor,2020,,Ethereum ERCs,https://eips.ethereum.org/EIPS/eip-3156
380,2020-11-21,Pickle Finance,Pickle Finance was exploited via insufficient validation. Reported loss: $20 million.,DeFi & NFT Era (2020-2021),Hack / Exploit,Floor,2020,$20 million,DeFiHackLabs,https://github.com/SunWeb3Sec/DeFiHackLabs
381,2020-12-01,Beacon Chain genesis,"Ethereum's proof-of-stake chain launched in parallel with mainnet, beginning a two-year migration.",DeFi & NFT Era (2020-2021),Network Upgrade,Chase,2020,,Editorial research,
382,2020-12-01,ERC-3525: Semi-Fungible Token,ERC-3525 (Semi-Fungible Token) was proposed. Status: Final. This is a standard for semi-fungible tokens. The set of smart contract interfaces described in this document defines an ERC-721 compatible token standard. This standard introduces an triple scalar model that represents the s,DeFi & NFT Era (2020-2021),Standard (ERC) — Final,Floor,2020,,Ethereum ERCs,https://eips.ethereum.org/EIPS/eip-3525
383,2020-12-16,BIP-350: Bech32m format for v1+ witness addresses,BIP-350 (Bech32m format for v1+ witness addresses) was proposed. Status: Deployed.,DeFi & NFT Era (2020-2021),Standard (BIP) — Deployed,Floor,2020,,Bitcoin BIPs,https://github.com/bitcoin/bips/blob/master/bip-0350.mediawiki
384,2020-12-16,BIP-48: Multi-Script Hierarchy for Multi-Sig Wallets,"BIP-48 (Multi-Script Hierarchy for Multi-Sig Wallets) was proposed. Status: Deployed. This BIP defines a logical hierarchy for deterministic multi-sig wallets based on an algorithm described in BIP-0067 (BIP67 from now on), BIP-0032 (BIP32 from now on), purpose scheme described in BIP-0043 (BIP43 from now on), and multi-account hierarchy descri",DeFi & NFT Era (2020-2021),Standard (BIP) — Deployed,Floor,2020,,Bitcoin BIPs,https://github.com/bitcoin/bips/blob/master/bip-0048.mediawiki
385,2020-12-22,SEC sues Ripple,"The SEC sued Ripple over XRP sales, beginning a multi-year case that shaped US token classification arguments.",DeFi & NFT Era (2020-2021),Regulatory,Mid,2020,,Editorial research,
386,2020-12-25,1inch airdrop,"1inch airdropped to past users on Christmas Day, with many wallets receiving several thousand dollars of tokens.",DeFi & NFT Era (2020-2021),Milestone,Mid,2020,,Editorial research,https://www.investing.com/news/cryptocurrency-news/defi-trader-scores-over-20-million-in-1inch-token-christmas-airdrop-2375701
387,2021-01-07,Bitcoin Core 0.19.2 released,"Bitcoin Core version 0.19.2 was tagged and released, part of the reference implementation's continuous development history.",DeFi & NFT Era (2020-2021),Client Release,Floor,2021,,Bitcoin Core,https://github.com/bitcoin/bitcoin/releases
388,2021-01-13,EIP-3198: BASEFEE opcode,EIP-3198 (BASEFEE opcode) was proposed. Status: Final. Adds an opcode that gives the EVM access to the block's base fee.,DeFi & NFT Era (2020-2021),Standard (EIP) — Final,Floor,2021,,Ethereum EIPs,https://eips.ethereum.org/EIPS/eip-3198
389,2021-01-14,BIP-370: PSBT Version 2,BIP-370 (PSBT Version 2) was proposed. Status: Deployed.,DeFi & NFT Era (2020-2021),Standard (BIP) — Deployed,Floor,2021,,Bitcoin BIPs,https://github.com/bitcoin/bips/blob/master/bip-0370.mediawiki
390,2021-01-14,Bitcoin Core 0.21.0 released,"Bitcoin Core version 0.21.0 was tagged and released, part of the reference implementation's continuous development history.",DeFi & NFT Era (2020-2021),Client Release,Floor,2021,,Bitcoin Core,https://bitcoin.org/en/release/v0.21.0
391,2021-01-29,EIP-4881: Deposit Contract Snapshot Interface,EIP-4881 (Deposit Contract Snapshot Interface) was proposed. Status: Final. This EIP defines a standard format for transmitting the deposit contract Merkle tree in a compressed form during weak subjectivity sync. This allows newly syncing consensus clients to reconstruct the deposit tree much faster than downloading all historical dep,DeFi & NFT Era (2020-2021),Standard (EIP) — Final,Floor,2021,,Ethereum EIPs,https://eips.ethereum.org/EIPS/eip-4881
392,2021-02-01,EIP-5656: MCOPY - Memory copying instruction,EIP-5656 (MCOPY - Memory copying instruction) was proposed. Status: Final. Provide an efficient EVM instruction for copying memory areas.,DeFi & NFT Era (2020-2021),Standard (EIP) — Final,Floor,2021,,Ethereum EIPs,https://eips.ethereum.org/EIPS/eip-5656
393,2021-02-08,Tesla discloses $1.5B in Bitcoin,"Tesla revealed a $1.5 billion BTC purchase and said it would accept Bitcoin for cars, a policy it reversed three months later.",DeFi & NFT Era (2020-2021),Milestone,Mid,2021,,Editorial research,
394,2021-02-19,Bitcoin market cap passes $1 trillion,BTC crossed a trillion dollars in market value for the first time.,DeFi & NFT Era (2020-2021),Milestone,Mid,2021,,Editorial research,
395,2021-02-19,EIP-3855: PUSH0 instruction,"EIP-3855 (PUSH0 instruction) was proposed. Status: Final. Introduce the PUSH0 (0x5f) instruction, which pushes the constant value 0 onto the stack.",DeFi & NFT Era (2020-2021),Standard (EIP) — Final,Floor,2021,,Ethereum EIPs,https://eips.ethereum.org/EIPS/eip-3855
396,2021-03-05,Paid Network,Paid Network was exploited via private key compromised. Reported loss: $3 million.,DeFi & NFT Era (2020-2021),Hack / Exploit,Floor,2021,$3 million,DeFiHackLabs,https://github.com/SunWeb3Sec/DeFiHackLabs
397,2021-03-08,DODO,"DODO was exploited via flashloan Attack. Reported loss: $700,000.",DeFi & NFT Era (2020-2021),Hack / Exploit,Floor,2021,"$700,000",DeFiHackLabs,https://github.com/SunWeb3Sec/DeFiHackLabs
398,2021-03-11,Beeple sells for $69 million,"Christie's sold Beeple's 'Everydays: The First 5000 Days' for $69.3 million, dragging NFTs into the mainstream art market.",DeFi & NFT Era (2020-2021),Milestone,Mid,2021,,Editorial research,
399,2021-03-16,EIP-3541: Reject new contract code starting with the 0xEF byte,EIP-3541 (Reject new contract code starting with the 0xEF byte) was proposed. Status: Final. Disallow new code starting with the 0xEF byte to be deployed. Code already existing in the account trie starting with 0xEF byte is not affected semantically by this change.,DeFi & NFT Era (2020-2021),Standard (EIP) — Final,Floor,2021,,Ethereum EIPs,https://eips.ethereum.org/EIPS/eip-3541
400,2021-03-29,ERC-3448: MetaProxy Standard,"ERC-3448 (MetaProxy Standard) was proposed. Status: Final. By standardizing on a known minimal bytecode proxy implementation with support for immutable metadata, this standard allows users and third party tools (e.g. Etherscan) to: (a) simply discover that a contract will always redirect in a known manner and (b) depe",DeFi & NFT Era (2020-2021),Standard (ERC) — Final,Floor,2021,,Ethereum ERCs,https://eips.ethereum.org/EIPS/eip-3448
401,2021-04-01,Thodex CEO flees Turkey,Turkish exchange Thodex halted trading and founder Faruk Fatih Özer fled with an estimated $2 billion of user funds; he was later extradited and sentenced to thousands of years.,DeFi & NFT Era (2020-2021),Collapse,Chase,2021,,Editorial research,https://coincub.com/blog/biggest-crypto-rug-pulls/
402,2021-04-05,ERC-3475: Abstract Storage Bonds,ERC-3475 (Abstract Storage Bonds) was proposed. Status: Final. - This EIP allows the creation of tokenized obligations with abstract on-chain metadata storage. Issuing bonds with multiple redemption data cannot be achieved with existing token standards.,DeFi & NFT Era (2020-2021),Standard (ERC) — Final,Floor,2021,,Ethereum ERCs,https://eips.ethereum.org/EIPS/eip-3475
403,2021-04-14,Coinbase lists on Nasdaq,"Coinbase went public via direct listing at a peak valuation near $100 billion, marking crypto's arrival on public markets.",DeFi & NFT Era (2020-2021),Milestone,Mid,2021,,Editorial research,
404,2021-04-15,Berlin,Ethereum's Berlin fork repriced state-access opcodes and introduced typed transaction envelopes.,DeFi & NFT Era (2020-2021),Network Upgrade,Chase,2021,,Editorial research,
405,2021-04-17,Gary Gensler sworn in as SEC chair,"Gensler took over the SEC having taught blockchain at MIT, which the industry initially read as good news.",DeFi & NFT Era (2020-2021),Regulatory,Mid,2021,,Editorial research,
406,2021-04-22,EIP-3529: Reduction in refunds,"EIP-3529 (Reduction in refunds) was proposed. Status: Final. Remove gas refunds for SELFDESTRUCT, and reduce gas refunds for SSTORE to a lower level where the refunds are still substantial, but they are no longer high enough for current ""exploits"" of the refund mechanism to be viable.",DeFi & NFT Era (2020-2021),Standard (EIP) — Final,Floor,2021,,Ethereum EIPs,https://eips.ethereum.org/EIPS/eip-3529
407,2021-04-28,Uranium,Uranium was exploited via miscalculation. Reported loss: $50 million.,DeFi & NFT Era (2020-2021),Hack / Exploit,Floor,2021,$50 million,DeFiHackLabs,https://github.com/SunWeb3Sec/DeFiHackLabs
408,2021-04-29,Bitcoin Core 0.21.1 released,"Bitcoin Core version 0.21.1 was tagged and released, part of the reference implementation's continuous development history.",DeFi & NFT Era (2020-2021),Client Release,Floor,2021,,Bitcoin Core,https://github.com/bitcoin/bitcoin/releases
409,2021-05-01,Bored Ape Yacht Club mints,"BAYC launched 10,000 apes at 0.08 ETH, and PFP communities became the dominant NFT format.",DeFi & NFT Era (2020-2021),Launch,Mid,2021,,Editorial research,
410,2021-05-02,Spartan,Spartan was exploited via logic Flaw. Reported loss: $30.5M.,DeFi & NFT Era (2020-2021),Hack / Exploit,Floor,2021,$30.5M,DeFiHackLabs,https://github.com/SunWeb3Sec/DeFiHackLabs
411,2021-05-04,BanklessDAO launches,"Bankless spun out a DAO on the argument that 'the bankless movement is now larger than any single entity, newsletter, podcast, or person to contain', becoming one of the largest media DAOs.",DeFi & NFT Era (2020-2021),Launch,Mid,2021,,Editorial research,https://iq.wiki/wiki/bankless
412,2021-05-05,Uniswap V3 introduces concentrated liquidity,"Uniswap V3 let providers allocate capital to specific price ranges, sharply increasing capital efficiency.",DeFi & NFT Era (2020-2021),Launch,Mid,2021,,Editorial research,
413,2021-05-06,EIP-3554: Difficulty Bomb Delay to December 2021,EIP-3554 (Difficulty Bomb Delay to December 2021) was proposed. Status: Final. Delays the difficulty bomb to show effect the first week of December 2021.,DeFi & NFT Era (2020-2021),Standard (EIP) — Final,Floor,2021,,Ethereum EIPs,https://eips.ethereum.org/EIPS/eip-3554
414,2021-05-08,DOGE peaks near $0.74,"Dogecoin hit roughly $0.7376 days before Elon Musk's SNL appearance, a 250x run in five months on pure momentum.",DeFi & NFT Era (2020-2021),Milestone,Mid,2021,,Editorial research,
415,2021-05-12,Vitalik burns 410 trillion SHIB,"Vitalik Buterin burned 90% of the SHIB sent to him and donated the rest to India's COVID relief fund, an unplanned $1 billion decision.",DeFi & NFT Era (2020-2021),Milestone,Mid,2021,,Editorial research,
416,2021-05-16,bEarn,bEarn was exploited via logic Flaw. Reported loss: 11M.,DeFi & NFT Era (2020-2021),Hack / Exploit,Floor,2021,11M,DeFiHackLabs,https://github.com/SunWeb3Sec/DeFiHackLabs
417,2021-05-19,May 2021 crash,Crypto lost roughly a third of its value in a day as China renewed its mining crackdown and leveraged positions unwound.,DeFi & NFT Era (2020-2021),Milestone,Mid,2021,,Editorial research,
418,2021-05-27,JulSwap,JulSwap was exploited via flash Loan. Reported loss: 1.5M.,DeFi & NFT Era (2020-2021),Hack / Exploit,Floor,2021,1.5M,DeFiHackLabs,https://github.com/SunWeb3Sec/DeFiHackLabs
419,2021-06-08,El Salvador passes Bitcoin Law,"El Salvador's legislature made Bitcoin legal tender, the first country to do so.",DeFi & NFT Era (2020-2021),Regulatory,Mid,2021,,Editorial research,
420,2021-06-10,CryptoPunk #7523 sells for $11.75M,"Sotheby's sold the alien Punk #7523 for $11.75 million, the first Punk to reach eight figures at a major auction house.",DeFi & NFT Era (2020-2021),Milestone,Mid,2021,,Editorial research,
421,2021-06-10,EIP-3607: Reject transactions from senders with deployed code,"EIP-3607 (Reject transactions from senders with deployed code) was proposed. Status: Final. Ethereum addresses are currently only 160 bits long. This means it is possible to create a collision between a contract account and an Externally Owned Account (EOA) using an estimated 280 computing operations, which is feasible now given a large budget (c",DeFi & NFT Era (2020-2021),Standard (EIP) — Final,Floor,2021,,Ethereum EIPs,https://eips.ethereum.org/EIPS/eip-3607
422,2021-06-21,BIP-371: Taproot Fields for PSBT,BIP-371 (Taproot Fields for PSBT) was proposed. Status: Deployed.,DeFi & NFT Era (2020-2021),Standard (BIP) — Deployed,Floor,2021,,Bitcoin BIPs,https://github.com/bitcoin/bips/blob/master/bip-0371.mediawiki
423,2021-06-22,BIP-86: Key Derivation for Single Key P2TR Outputs,BIP-86 (Key Derivation for Single Key P2TR Outputs) was proposed. Status: Deployed. This document suggests a derivation scheme for HD wallets whose keys are involved in single key P2TR ([[bip-0341.mediawiki|BIP 341]]) outputs as the Taproot internal key.,DeFi & NFT Era (2020-2021),Standard (BIP) — Deployed,Floor,2021,,Bitcoin BIPs,https://github.com/bitcoin/bips/blob/master/bip-0086.mediawiki
424,2021-06-25,xWin Finance,xWin Finance was exploited via subscription-incentive-mechanism. Reported loss: ~$300k.,DeFi & NFT Era (2020-2021),Hack / Exploit,Floor,2021,~$300k,DeFiHackLabs,https://github.com/SunWeb3Sec/DeFiHackLabs
425,2021-06-27,BIP-380: Output Script Descriptors General Operation,"BIP-380 (Output Script Descriptors General Operation) was proposed. Status: Deployed. Output Script Descriptors are a simple language which can be used to describe collections of output scripts. There can be many different descriptor fragments and functions. This document describes the general syntax for descriptors, descriptor checksums, and c",DeFi & NFT Era (2020-2021),Standard (BIP) — Deployed,Floor,2021,,Bitcoin BIPs,https://github.com/bitcoin/bips/blob/master/bip-0380.mediawiki
426,2021-06-27,BIP-381: Non-Segwit Output Script Descriptors,"BIP-381 (Non-Segwit Output Script Descriptors) was proposed. Status: Deployed. This document specifies pk(), pkh(), and sh() output script descriptors. pk() descriptors take a key and produces a P2PK output script. pkh() descriptors take a key and produces a P2PKH output script. sh()",DeFi & NFT Era (2020-2021),Standard (BIP) — Deployed,Floor,2021,,Bitcoin BIPs,https://github.com/bitcoin/bips/blob/master/bip-0381.mediawiki
427,2021-06-27,BIP-382: Segwit Output Script Descriptors,"BIP-382 (Segwit Output Script Descriptors) was proposed. Status: Deployed. This document specifies wpkh(), and wsh() output script descriptors. wpkh() descriptors take a key and produces a P2WPKH output script. wsh() descriptors take a script and produces a P2WSH output script.",DeFi & NFT Era (2020-2021),Standard (BIP) — Deployed,Floor,2021,,Bitcoin BIPs,https://github.com/bitcoin/bips/blob/master/bip-0382.mediawiki
428,2021-06-27,BIP-383: Multisig Output Script Descriptors,"BIP-383 (Multisig Output Script Descriptors) was proposed. Status: Deployed. This document specifies multi(), and sortedmulti() output script descriptors. Both functions take a threshold and one or more public keys and produce a multisig output script. multi() specifies the public keys in the output script in",DeFi & NFT Era (2020-2021),Standard (BIP) — Deployed,Floor,2021,,Bitcoin BIPs,https://github.com/bitcoin/bips/blob/master/bip-0383.mediawiki
429,2021-06-27,BIP-384: combo() Output Script Descriptors,"BIP-384 (combo() Output Script Descriptors) was proposed. Status: Deployed. This document specifies combo() output script descriptors. These take a key and produce P2PK, P2PKH, P2WPKH, and P2SH-P2WPKH output scripts if applicable to the key.",DeFi & NFT Era (2020-2021),Standard (BIP) — Deployed,Floor,2021,,Bitcoin BIPs,https://github.com/bitcoin/bips/blob/master/bip-0384.mediawiki
430,2021-06-27,BIP-385: raw() and addr() Output Script Descriptors,BIP-385 (raw() and addr() Output Script Descriptors) was proposed. Status: Deployed. This document specifies raw() and addr() output script descriptors. raw() encapsulates a raw script as a descriptor. addr() encapsulates an address as a descriptor.,DeFi & NFT Era (2020-2021),Standard (BIP) — Deployed,Floor,2021,,Bitcoin BIPs,https://github.com/bitcoin/bips/blob/master/bip-0385.mediawiki
431,2021-06-27,BIP-386: tr() Output Script Descriptors,BIP-386 (tr() Output Script Descriptors) was proposed. Status: Deployed. This document specifies tr() output script descriptors. tr() descriptors take a key and optionally a tree of scripts and produces a P2TR output script.,DeFi & NFT Era (2020-2021),Standard (BIP) — Deployed,Floor,2021,,Bitcoin BIPs,https://github.com/bitcoin/bips/blob/master/bip-0386.mediawiki
432,2021-06-28,SafeDollar,SafeDollar was exploited via deflationary token uncompatible. Reported loss: $200k,DeFi & NFT Era (2020-2021),Hack / Exploit,Floor,2021,$200k,DeFiHackLabs,https://github.com/SunWeb3Sec/DeFiHackLabs
433,2021-07-02,Chainswap,"Chainswap was exploited via bridge, logic flaw. Reported loss: $800k",DeFi & NFT Era (2020-2021),Hack / Exploit,Floor,2021,$800k,DeFiHackLabs,https://github.com/SunWeb3Sec/DeFiHackLabs
434,2021-07-09,ERC-3643: T-REX - Token for Regulated EXchanges,"ERC-3643 (T-REX - Token for Regulated EXchanges) was proposed. Status: Final. The T-REX token is an institutional grade security token standard. This standard provides a library of interfaces for the management and compliant transfer of security tokens, using an automated onchain validator system leveraging onchain identities for eligib",DeFi & NFT Era (2020-2021),Standard (ERC) — Final,Floor,2021,,Ethereum ERCs,https://eips.ethereum.org/EIPS/eip-3643
435,2021-07-10,Chainswap,"Chainswap was exploited via bridge, logic flaw. Reported loss: $4.4 million.",DeFi & NFT Era (2020-2021),Hack / Exploit,Floor,2021,$4.4 million,DeFiHackLabs,https://github.com/SunWeb3Sec/DeFiHackLabs
436,2021-07-12,EIP-3651: Warm COINBASE,"EIP-3651 (Warm COINBASE) was proposed. Status: Final. The COINBASE address shall be warm at the start of transaction execution, in accordance with the actual cost of reading that account.",DeFi & NFT Era (2020-2021),Standard (EIP) — Final,Floor,2021,,Ethereum EIPs,https://eips.ethereum.org/EIPS/eip-3651
437,2021-07-16,EIP-3860: Limit and meter initcode,EIP-3860 (Limit and meter initcode) was proposed. Status: Final. We extend EIP-170 by introducing a maximum size limit for initcode (MAXINITCODESIZE = 2 MAXCODESIZE = 49152).,DeFi & NFT Era (2020-2021),Standard (EIP) — Final,Floor,2021,,Ethereum EIPs,https://eips.ethereum.org/EIPS/eip-3860
438,2021-07-22,EIP-3675: Upgrade consensus to Proof-of-Stake,EIP-3675 (Upgrade consensus to Proof-of-Stake) was proposed. Status: Final. This EIP deprecates Proof-of-Work (PoW) and supersedes it with the new Proof-of-Stake consensus mechanism (PoS) driven by the beacon chain. Information on the bootstrapping of the new consensus mechanism is documented in EIP-2982. Full specifi,DeFi & NFT Era (2020-2021),Standard (EIP) — Final,Floor,2021,,Ethereum EIPs,https://eips.ethereum.org/EIPS/eip-3675
439,2021-07-22,Pudgy Penguins mints,"Pudgy Penguins minted at 0.03 ETH, was nearly abandoned after a founder ousting, then rebuilt into a mainstream toy and media brand.",DeFi & NFT Era (2020-2021),Launch,Mid,2021,,Editorial research,
440,2021-07-28,Levyathan Finance,Levyathan Finance was exploited via (I) Lost keys and minting (II) Vulnerable emergencyWithdraw. Reported loss: $1.5 million.,DeFi & NFT Era (2020-2021),Hack / Exploit,Floor,2021,$1.5 million,DeFiHackLabs,https://github.com/SunWeb3Sec/DeFiHackLabs
441,2021-08-04,Popsicle,Popsicle was exploited via repeated Reward Claim - Logic Flaw. Reported loss: 20M USD.,DeFi & NFT Era (2020-2021),Hack / Exploit,Floor,2021,20M USD,DeFiHackLabs,https://github.com/SunWeb3Sec/DeFiHackLabs
442,2021-08-05,London and EIP-1559,"EIP-1559 replaced first-price gas auctions with a burned base fee, making ETH issuance partly deflationary.",DeFi & NFT Era (2020-2021),Network Upgrade,GRAIL,2021,,Editorial research,https://eips.ethereum.org/EIPS/eip-1559
443,2021-08-10,Poly Network,"Poly Network was exploited via bridge, getting around modifier through cross-chain message. Reported loss: $611 million.",DeFi & NFT Era (2020-2021),Hack / Exploit,Floor,2021,$611 million,DeFiHackLabs,https://github.com/SunWeb3Sec/DeFiHackLabs
444,2021-08-16,XSURGE,XSURGE was exploited via flashloan Attack + Reentrancy. Reported loss: $5 million.,DeFi & NFT Era (2020-2021),Hack / Exploit,Floor,2021,$5 million,DeFiHackLabs,https://github.com/SunWeb3Sec/DeFiHackLabs
445,2021-08-30,Cream Finance,Cream Finance was exploited via flashloan Attack + Reentrancy. Reported loss: $18 million.,DeFi & NFT Era (2020-2021),Hack / Exploit,Floor,2021,$18 million,DeFiHackLabs,https://github.com/SunWeb3Sec/DeFiHackLabs
446,2021-08-31,Arbitrum One opens to developers,"Offchain Labs opened Arbitrum One, the first widely used optimistic rollup.",DeFi & NFT Era (2020-2021),Launch,Mid,2021,,Editorial research,
447,2021-09-02,ADA peaks near $3.10,Cardano reached its all-time high around $3.10 ahead of the Alonzo smart contract upgrade.,DeFi & NFT Era (2020-2021),Milestone,Mid,2021,,Editorial research,
448,2021-09-03,DAO Maker,DAO Maker was exploited via bad Access Control. Reported loss: $4 million.,DeFi & NFT Era (2020-2021),Hack / Exploit,Floor,2021,$4 million,DeFiHackLabs,https://github.com/SunWeb3Sec/DeFiHackLabs
449,2021-09-07,El Salvador adopts Bitcoin as legal tender,"The Bitcoin Law took effect alongside the state Chivo wallet, amid protests and technical failures.",DeFi & NFT Era (2020-2021),Regulatory,Mid,2021,,Editorial research,
450,2021-09-08,dYdX airdrop,"dYdX distributed DYDX to historical traders, with the largest tiers worth well into five figures.",DeFi & NFT Era (2020-2021),Milestone,Mid,2021,,Editorial research,https://www.dydx.foundation/blog/introducing-dydx-token
451,2021-09-13,Bitcoin Core 22.0 released,"Bitcoin Core version 22.0 was tagged and released, part of the reference implementation's continuous development history.",DeFi & NFT Era (2020-2021),Client Release,Floor,2021,,Bitcoin Core,https://bitcoin.org/en/releases/22.0/
452,2021-09-23,Bitcoin Core 0.21.2 released,"Bitcoin Core version 0.21.2 was tagged and released, part of the reference implementation's continuous development history.",DeFi & NFT Era (2020-2021),Client Release,Floor,2021,,Bitcoin Core,https://github.com/bitcoin/bitcoin/releases
453,2021-09-24,China completes mining ban,"Chinese provinces finished shutting down mining operations, moving over half of global hashrate abroad within months.",DeFi & NFT Era (2020-2021),Regulatory,Mid,2021,,Editorial research,
454,2021-09-29,ERC-4337: Account Abstraction Using Alt Mempool,"ERC-4337 (Account Abstraction Using Alt Mempool) was proposed. Status: Final. Historically, users could interact with Ethereum only by sending transactions from special accounts controlled by private keys, with transaction validation entirely enforced by fixed protocol rules. Account abstraction is an alternative model that allows each",DeFi & NFT Era (2020-2021),Standard (ERC) — Final,Floor,2021,,Ethereum ERCs,https://eips.ethereum.org/EIPS/eip-4337
455,2021-10-04,Evolved Apes rug pull,"The anonymous developer of Evolved Apes vanished with roughly 798 ETH raised from the mint, abandoning the project days after launch.",DeFi & NFT Era (2020-2021),Collapse,Chase,2021,,Editorial research,https://www.halborn.com/blog/post/explained-the-evolved-apes-rug-pull-september-2021
456,2021-10-05,EIP-4345: Difficulty Bomb Delay to June 2022,"EIP-4345 (Difficulty Bomb Delay to June 2022) was proposed. Status: Final. Starting with FORKBLOCKNUMBER the client will calculate the difficulty based on a fake block number suggesting to the client that the difficulty bomb is adjusting 10,700,000 blocks later than the actual block number.",DeFi & NFT Era (2020-2021),Standard (EIP) — Final,Floor,2021,,Ethereum EIPs,https://eips.ethereum.org/EIPS/eip-4345
457,2021-10-11,ERC-4361: Sign-In with Ethereum,"ERC-4361 (Sign-In with Ethereum) was proposed. Status: Final. Sign-In with Ethereum describes how Ethereum accounts authenticate with off-chain services by signing a standard message format parameterized by scope, session details, and security mechanisms (e.g., a nonce). The goals of this specification are to provide a s",DeFi & NFT Era (2020-2021),Standard (ERC) — Final,Floor,2021,,Ethereum ERCs,https://eips.ethereum.org/EIPS/eip-4361
458,2021-10-14,Indexed Finance,Indexed Finance was exploited via price Manipulation. Reported loss: $16M.,DeFi & NFT Era (2020-2021),Hack / Exploit,Floor,2021,$16M,DeFiHackLabs,https://github.com/SunWeb3Sec/DeFiHackLabs
459,2021-10-18,Bitcoin Core 0.20.2 released,"Bitcoin Core version 0.20.2 was tagged and released, part of the reference implementation's continuous development history.",DeFi & NFT Era (2020-2021),Client Release,Floor,2021,,Bitcoin Core,https://github.com/bitcoin/bitcoin/releases
460,2021-10-19,First US Bitcoin futures ETF,"ProShares BITO began trading, giving US investors regulated futures-based BTC exposure.",DeFi & NFT Era (2020-2021),Milestone,Mid,2021,,Editorial research,
461,2021-10-27,CreamFinance,CreamFinance was exploited via price Manipulation. Reported loss: $130M.,DeFi & NFT Era (2020-2021),Hack / Exploit,Floor,2021,$130M,DeFiHackLabs,https://github.com/SunWeb3Sec/DeFiHackLabs
462,2021-10-28,AnubisDAO rug pull,"AnubisDAO raised around 13,556 ETH (~$60M) and the funds were drained within 20 hours of launch.",DeFi & NFT Era (2020-2021),Collapse,Chase,2021,,Editorial research,https://www.companieshistory.com/biggest-crypto-rug-pulls/
463,2021-10-28,SHIB peaks,Shiba Inu reached its all-time high after a retail mania that made early holders millionaires and left late buyers down over 90%.,DeFi & NFT Era (2020-2021),Milestone,Mid,2021,,Editorial research,
464,2021-10-29,Art Blocks Ringers #109 sells for $6.9M,"Dmitri Cherniak's Ringers #109 ('The Goose') sold for roughly 2,100 ETH, the peak of generative art's first institutional moment.",DeFi & NFT Era (2020-2021),Milestone,Mid,2021,,Editorial research,
465,2021-10-30,EIP-4399: Supplant DIFFICULTY opcode with PREVRANDAO,EIP-4399 (Supplant DIFFICULTY opcode with PREVRANDAO) was proposed. Status: Final. This EIP supplants the semantics of the return value of existing DIFFICULTY (0x44) opcode and renames the opcode to PREVRANDAO (0x44).,DeFi & NFT Era (2020-2021),Standard (EIP) — Final,Floor,2021,,Ethereum EIPs,https://eips.ethereum.org/EIPS/eip-4399
466,2021-10-30,ERC-4400: EIP-721 Consumable Extension,ERC-4400 (EIP-721 Consumable Extension) was proposed. Status: Final. This specification defines standard functions outlining a consumer role for instance(s) of EIP-721. An implementation allows reading the current consumer for a given NFT (tokenId) along with a standardized event for when an consumer has,DeFi & NFT Era (2020-2021),Standard (ERC) — Final,Floor,2021,,Ethereum ERCs,https://eips.ethereum.org/EIPS/eip-4400
467,2021-11-01,Squid Game token rug pull,"SQUID ran to roughly $2,860 before the developers pulled liquidity, dumping it to near zero in minutes. Holders had been blocked from selling by design.",DeFi & NFT Era (2020-2021),Collapse,Chase,2021,,Editorial research,https://en.wikipedia.org/wiki/2021_Squid_Game_cryptocurrency_scam
468,2021-11-04,DOT peaks near $55,Polkadot topped out around $55 during the parachain auction frenzy.,DeFi & NFT Era (2020-2021),Milestone,Mid,2021,,Editorial research,
469,2021-11-06,SOL peaks near $260,"Solana reached roughly $260 after a year that took it from under $2, powered by NFT and DeFi activity.",DeFi & NFT Era (2020-2021),Milestone,Mid,2021,,Editorial research,
470,2021-11-08,ENS airdrop,"ENS airdropped governance tokens to anyone who had registered a .eth name, with typical claims worth several thousand dollars and some far more — one of the most beloved distributions in crypto.",DeFi & NFT Era (2020-2021),Milestone,Mid,2021,,Editorial research,
471,2021-11-10,"BTC all-time high near $69,000","Bitcoin peaked around $69,000 as the cycle topped.",DeFi & NFT Era (2020-2021),Milestone,Mid,2021,,Editorial research,
472,2021-11-14,Taproot activates,Bitcoin's Taproot upgrade added Schnorr signatures and improved script privacy and efficiency.,DeFi & NFT Era (2020-2021),Network Upgrade,Chase,2021,,Editorial research,
473,2021-11-21,AVAX peaks near $146,Avalanche hit about $146 following its Rush incentive programme and heavy subnet interest.,DeFi & NFT Era (2020-2021),Milestone,Mid,2021,,Editorial research,
474,2021-11-23,Ploutoz,Ploutoz was exploited via flash Loan. Reported loss: 365K.,DeFi & NFT Era (2020-2021),Hack / Exploit,Floor,2021,365K,DeFiHackLabs,https://github.com/SunWeb3Sec/DeFiHackLabs
475,2021-11-30,MonoX Finance,MonoX Finance was exploited via price Manipulation. Reported loss: $31 million.,DeFi & NFT Era (2020-2021),Hack / Exploit,Floor,2021,$31 million,DeFiHackLabs,https://github.com/SunWeb3Sec/DeFiHackLabs
476,2021-12-03,ERC-4519: Non-Fungible Tokens Tied to Physical Assets,"ERC-4519 (Non-Fungible Tokens Tied to Physical Assets) was proposed. Status: Final. This EIP standardizes an interface for non-fungible tokens representing physical assets, such as Internet of Things (IoT) devices. These NFTs are tied to physical assets and can verify the authenticity of the tie. They can include an Ethereum address of the ph",DeFi & NFT Era (2020-2021),Standard (ERC) — Final,Floor,2021,,Ethereum ERCs,https://eips.ethereum.org/EIPS/eip-4519
477,2021-12-09,Arrow Glacier,Ethereum pushed the difficulty bomb back again while the Merge was finalised.,DeFi & NFT Era (2020-2021),Network Upgrade,Chase,2021,,Editorial research,
478,2021-12-16,Optimism opens mainnet to all,"Optimism removed its whitelist, making the second major optimistic rollup publicly usable.",DeFi & NFT Era (2020-2021),Launch,Mid,2021,,Editorial research,
479,2021-12-18,Grim Finance,Grim Finance was exploited via flashloan & Reentrancy. Reported loss: $30 million.,DeFi & NFT Era (2020-2021),Hack / Exploit,Floor,2021,$30 million,DeFiHackLabs,https://github.com/SunWeb3Sec/DeFiHackLabs
480,2021-12-20,STEPN public beta,"STEPN launched its move-to-earn app, where users bought NFT sneakers and earned tokens for walking and running.",DeFi & NFT Era (2020-2021),Launch,Mid,2021,,Editorial research,https://www.theblock.co/news/deals/2022-01-20-solana-move-to-earn-stepn-funding-130953
481,2021-12-21,Visor Finance,Visor Finance was exploited via reentrancy. Reported loss: $8.2 million.,DeFi & NFT Era (2020-2021),Hack / Exploit,Floor,2021,$8.2 million,DeFiHackLabs,https://github.com/SunWeb3Sec/DeFiHackLabs
482,2021-12-22,ERC-4626: Tokenized Vaults,ERC-4626 (Tokenized Vaults) was proposed. Status: Final. The following standard allows for the implementation of a standard API for tokenized Vaults representing shares of a single underlying EIP-20 token. This standard is an extension on the EIP-20 token that provides basic functionality for depositi,DeFi & NFT Era (2020-2021),Standard (ERC) — Final,Floor,2021,,Ethereum ERCs,https://eips.ethereum.org/EIPS/eip-4626
483,2021-12-27,MATIC peaks near $2.92,Polygon reached roughly $2.92 as the dominant Ethereum scaling option before rollups matured.,DeFi & NFT Era (2020-2021),Milestone,Mid,2021,,Editorial research,
484,2022-01-01,OpenSea monthly volume peaks near $5B,"OpenSea recorded roughly $4.9 billion in monthly volume in January 2022, the high-water mark of the NFT cycle.",Contagion Era (2022-2023),Milestone,Mid,2022,,Editorial research,
485,2022-01-09,Frosties NFT rug pull,The Frosties founders pulled roughly $1.3 million immediately after mint and were later arrested and charged with fraud.,Contagion Era (2022-2023),Collapse,Chase,2022,,Editorial research,
486,2022-01-12,Azuki mints,"Azuki's 10,000-piece anime-styled collection sold out in minutes and briefly rivalled BAYC on floor price before a founder controversy in May.",Contagion Era (2022-2023),Launch,Mid,2022,,Editorial research,
487,2022-01-16,NEAR peaks near $20.44,NEAR reached about $20.44 during its ecosystem funding push.,Contagion Era (2022-2023),Milestone,Mid,2022,,Editorial research,
488,2022-01-18,Multichain (Anyswap),Multichain (Anyswap) was exploited via insufficient Token Validation. Reported loss: $1.4 million.,Contagion Era (2022-2023),Hack / Exploit,Floor,2022,$1.4 million,DeFiHackLabs,https://github.com/SunWeb3Sec/DeFiHackLabs
489,2022-01-28,ERC-5023: Shareable Non-Fungible Token,ERC-5023 (Shareable Non-Fungible Token) was proposed. Status: Final. This EIP standardizes an interface for non-fungible value-holding shareable tokens. Shareability is accomplished by minting copies of existing tokens for new recipients. Sharing and associated events allow the construction of a graph describing who has shared,Contagion Era (2022-2023),Standard (ERC) — Final,Floor,2022,,Ethereum ERCs,https://eips.ethereum.org/EIPS/eip-5023
490,2022-01-28,Qubit Finance,Qubit Finance was exploited via bridge address(0).safeTransferFrom() does not revert. Reported loss: $80 million.,Contagion Era (2022-2023),Hack / Exploit,Floor,2022,$80 million,DeFiHackLabs,https://github.com/SunWeb3Sec/DeFiHackLabs
491,2022-01-30,EIP-4736: Consensus Layer Withdrawal Protection,"EIP-4736 (Consensus Layer Withdrawal Protection) was proposed. Status: Final. If a consensus layer mnemonic phrase is compromised, it is impossible for the consensus layer network to differentiate the legitimate holder of the key from an illegitimate holder. However, there are signals that can be considered in a wider sense without chan",Contagion Era (2022-2023),Standard (EIP) — Final,Floor,2022,,Ethereum EIPs,https://eips.ethereum.org/EIPS/eip-4736
492,2022-02-02,Wormhole bridge exploited for $326M,"A signature verification flaw let an attacker mint 120,000 wETH on Solana without collateral; Jump Crypto replaced the funds.",Contagion Era (2022-2023),Hack / Exploit,Floor,2022,,Editorial research,
493,2022-02-06,Meter,Meter was exploited via bridge. Reported loss: $4.3 million.,Contagion Era (2022-2023),Hack / Exploit,Floor,2022,$4.3 million,DeFiHackLabs,https://github.com/SunWeb3Sec/DeFiHackLabs
494,2022-02-10,BuildFinance,BuildFinance was exploited via dAO. Reported loss: $470k.,Contagion Era (2022-2023),Hack / Exploit,Floor,2022,$470k,DeFiHackLabs,https://github.com/SunWeb3Sec/DeFiHackLabs
495,2022-02-10,EIP-4788: Beacon block root in the EVM,EIP-4788 (Beacon block root in the EVM) was proposed. Status: Final. Commit to the hash tree root of each beacon chain block in the corresponding execution payload header.,Contagion Era (2022-2023),Standard (EIP) — Final,Floor,2022,,Ethereum EIPs,https://eips.ethereum.org/EIPS/eip-4788
496,2022-02-12,"CryptoPunk #5822 sells for 8,000 ETH","The alien Punk #5822 sold for 8,000 ETH (~$23.7M), the highest Punk sale ever recorded.",Contagion Era (2022-2023),Milestone,Mid,2022,,Editorial research,
497,2022-02-14,ERC-4804: Web3 URL to EVM Call Message Translation,ERC-4804 (Web3 URL to EVM Call Message Translation) was proposed. Status: Final. This standard translates an RFC 2396 URI like web3://uniswap.eth/ to an EVM message such as:,Contagion Era (2022-2023),Standard (ERC) — Final,Floor,2022,,Ethereum ERCs,https://eips.ethereum.org/EIPS/eip-4804
498,2022-02-22,ERC-4834: Hierarchical Domains,"ERC-4834 (Hierarchical Domains) was proposed. Status: Final. This is a standard for generic name resolution with arbitrarily complex access control and resolution. It permits a contract that implements this EIP (referred to as a ""domain"" hereafter) to be addressable with a more human-friendly name, with a similar purpos",Contagion Era (2022-2023),Standard (ERC) — Final,Floor,2022,,Ethereum ERCs,https://eips.ethereum.org/EIPS/eip-4834
499,2022-02-25,EIP-4844: Shard Blob Transactions,"EIP-4844 (Shard Blob Transactions) was proposed. Status: Final. Introduce a new transaction format for ""blob-carrying transactions"" which contain a large amount of data that cannot be accessed by EVM execution, but whose commitment can be accessed. The format is intended to be fully compatible with the format that will be",Contagion Era (2022-2023),Standard (EIP) — Final,Floor,2022,,Ethereum EIPs,https://eips.ethereum.org/EIPS/eip-4844
500,2022-03-03,TreasureDAO,TreasureDAO was exploited via zero Fee. Reported loss: $1 million.,Contagion Era (2022-2023),Hack / Exploit,Floor,2022,$1 million,DeFiHackLabs,https://github.com/SunWeb3Sec/DeFiHackLabs
501,2022-03-05,Bacon Protocol,Bacon Protocol was exploited via reentrancy. Reported loss: $1 million.,Contagion Era (2022-2023),Hack / Exploit,Floor,2022,$1 million,DeFiHackLabs,https://github.com/SunWeb3Sec/DeFiHackLabs
502,2022-03-09,STEPN GMT lists on Binance Launchpad,GMT launched via Binance Launchpad and ran roughly 30x within weeks as move-to-earn became the cycle's breakout consumer app.,Contagion Era (2022-2023),Launch,Mid,2022,,Editorial research,
503,2022-03-10,EIP-4895: Beacon chain push withdrawals as operations,"EIP-4895 (Beacon chain push withdrawals as operations) was proposed. Status: Final. Introduce a system-level ""operation"" to support validator withdrawals that are ""pushed"" from the beacon chain to the EVM.",Contagion Era (2022-2023),Standard (EIP) — Final,Floor,2022,,Ethereum EIPs,https://eips.ethereum.org/EIPS/eip-4895
504,2022-03-10,Fantasm Finance,Fantasm Finance was exploited via business logic in mint(). Reported loss: $2.6 million.,Contagion Era (2022-2023),Hack / Exploit,Floor,2022,$2.6 million,DeFiHackLabs,https://github.com/SunWeb3Sec/DeFiHackLabs
505,2022-03-11,"ERC-4907: Rental NFT, an Extension of EIP-721","ERC-4907 (Rental NFT, an Extension of EIP-721) was proposed. Status: Final. This standard is an extension of EIP-721. It proposes an additional role (user) which can be granted to addresses, and a time where the role is automatically revoked (expires). The user role represents permission to ""use"" the NFT, but not",Contagion Era (2022-2023),Standard (ERC) — Final,Floor,2022,,Ethereum ERCs,https://eips.ethereum.org/EIPS/eip-4907
506,2022-03-11,ERC-5380: ERC-721 Entitlement Extension,ERC-5380 (ERC-721 Entitlement Extension) was proposed. Status: Final. This EIP proposes a new interface that allows ERC-721 token owners to grant limited usage of those tokens to other addresses.,Contagion Era (2022-2023),Standard (ERC) — Final,Floor,2022,,Ethereum ERCs,https://eips.ethereum.org/EIPS/eip-5380
507,2022-03-13,ERC-4906: EIP-721 Metadata Update Extension,ERC-4906 (EIP-721 Metadata Update Extension) was proposed. Status: Final. This standard is an extension of EIP-721. It adds a MetadataUpdate event to EIP-721 tokens.,Contagion Era (2022-2023),Standard (ERC) — Final,Floor,2022,,Ethereum ERCs,https://eips.ethereum.org/EIPS/eip-4906
508,2022-03-13,Paraluni,Paraluni was exploited via flashloan & Reentrancy. Reported loss: $1.7 million.,Contagion Era (2022-2023),Hack / Exploit,Floor,2022,$1.7 million,DeFiHackLabs,https://github.com/SunWeb3Sec/DeFiHackLabs
509,2022-03-14,ERC-4910: Royalty Bearing NFTs,"ERC-4910 (Royalty Bearing NFTs) was proposed. Status: Final. The proposal directly connects NFTs and royalties in a smart contract architecture extending the ERC-721 standard, with the aim of precluding central authorities from manipulating or circumventing payments to those who are legally entitled to t",Contagion Era (2022-2023),Standard (ERC) — Final,Floor,2022,,Ethereum ERCs,https://eips.ethereum.org/EIPS/eip-4910
510,2022-03-15,Agave Finance,Agave Finance was exploited via eRC667 Reentrancy. Reported loss: $1.5 million.,Contagion Era (2022-2023),Hack / Exploit,Floor,2022,$1.5 million,DeFiHackLabs,https://github.com/SunWeb3Sec/DeFiHackLabs
511,2022-03-15,Hundred Finance,Hundred Finance was exploited via eRC667 Reentrancy. Reported loss: $1.7 million.,Contagion Era (2022-2023),Hack / Exploit,Floor,2022,$1.7 million,DeFiHackLabs,https://github.com/SunWeb3Sec/DeFiHackLabs
512,2022-03-20,Li.Fi,Li.Fi was exploited via bridges. Reported loss: $570K.,Contagion Era (2022-2023),Hack / Exploit,Floor,2022,$570K,DeFiHackLabs,https://github.com/SunWeb3Sec/DeFiHackLabs
513,2022-03-21,OneRing Finance,OneRing Finance was exploited via flashloan & Price Oracle Manipulation. Reported loss: $1.45 million.,Contagion Era (2022-2023),Hack / Exploit,Floor,2022,$1.45 million,DeFiHackLabs,https://github.com/SunWeb3Sec/DeFiHackLabs
514,2022-03-22,BIP-327: MuSig2 for BIP340-compatible Multi-Signatures,BIP-327 (MuSig2 for BIP340-compatible Multi-Signatures) was proposed. Status: Deployed.,Contagion Era (2022-2023),Standard (BIP) — Deployed,Floor,2022,,Bitcoin BIPs,https://github.com/bitcoin/bips/blob/master/bip-0327.mediawiki
515,2022-03-23,"EIP-4938: ""eth/67 - Removal of GetNodeData""","EIP-4938 (""eth/67 - Removal of GetNodeData"") was proposed. Status: Final. The Ethereum Wire Protocol defines request and response messages for exchanging data between clients. The GetNodeData request retrieves a set of trie nodes or con",Contagion Era (2022-2023),Standard (EIP) — Final,Floor,2022,,Ethereum EIPs,https://eips.ethereum.org/EIPS/eip-4938
516,2022-03-23,Ronin Bridge drained for $625M,"North Korea's Lazarus Group compromised five of nine validator keys on Axie Infinity's Ronin bridge, the largest crypto theft on record.",Contagion Era (2022-2023),Hack / Exploit,GRAIL,2022,,Editorial research,https://en.wikipedia.org/wiki/Axie_Infinity
517,2022-03-26,Auctus,Auctus was exploited via arbitrary Call. Reported loss: $726 k.,Contagion Era (2022-2023),Hack / Exploit,Floor,2022,$726 k,DeFiHackLabs,https://github.com/SunWeb3Sec/DeFiHackLabs
518,2022-03-27,Revest Finance,Revest Finance was exploited via reentrancy. Reported loss: $11.2 million.,Contagion Era (2022-2023),Hack / Exploit,Floor,2022,$11.2 million,DeFiHackLabs,https://github.com/SunWeb3Sec/DeFiHackLabs
519,2022-03-29,ERC-4955: Vendor Metadata Extension for NFTs,ERC-4955 (Vendor Metadata Extension for NFTs) was proposed. Status: Final. This EIP standardizes a schema for NFTs metadata to add new field namespaces to the JSON schema for EIP-721 and EIP-1155 NFTs.,Contagion Era (2022-2023),Standard (ERC) — Final,Floor,2022,,Ethereum ERCs,https://eips.ethereum.org/EIPS/eip-4955
520,2022-04-11,Creat Future,Creat Future was exploited via overflow. Reported loss: $1.9 million.,Contagion Era (2022-2023),Hack / Exploit,Floor,2022,$1.9 million,DeFiHackLabs,https://github.com/SunWeb3Sec/DeFiHackLabs
521,2022-04-12,"ERC-5006: Rental NFT, NFT User Extension","ERC-5006 (Rental NFT, NFT User Extension) was proposed. Status: Final. This standard is an extension of ERC-1155. It proposes an additional role (user) which can be granted to addresses that represent a user of the assets rather than an owner.",Contagion Era (2022-2023),Standard (ERC) — Final,Floor,2022,,Ethereum ERCs,https://eips.ethereum.org/EIPS/eip-5006
522,2022-04-12,ElephantMoney,"ElephantMoney was exploited via flashloan & Price Oracle Manipulation. Reported loss: $11.2 million (27,416.46 BNB).",Contagion Era (2022-2023),Hack / Exploit,Floor,2022,"$11.2 million (27,416.46 BNB)",DeFiHackLabs,https://github.com/SunWeb3Sec/DeFiHackLabs
523,2022-04-13,"ERC-5007: Time NFT, ERC-721 Time Extension","ERC-5007 (Time NFT, ERC-721 Time Extension) was proposed. Status: Final. This standard is an extension of ERC-721. It proposes some additional functions (startTime, endTime) to help with on-chain time management.",Contagion Era (2022-2023),Standard (ERC) — Final,Floor,2022,,Ethereum ERCs,https://eips.ethereum.org/EIPS/eip-5007
524,2022-04-15,Rikkei Finance,Rikkei Finance was exploited via access control & Price Oracle Manipulation. Reported loss: $1.1 million (2671 BNB).,Contagion Era (2022-2023),Hack / Exploit,Floor,2022,$1.1 million (2671 BNB),DeFiHackLabs,https://github.com/SunWeb3Sec/DeFiHackLabs
525,2022-04-16,BeanstalkFarms,BeanstalkFarms was exploited via dAO + Flashloan. Reported loss: $182 million.,Contagion Era (2022-2023),Hack / Exploit,Floor,2022,$182 million,DeFiHackLabs,https://github.com/SunWeb3Sec/DeFiHackLabs
526,2022-04-16,Moonbirds mints,"Proof's Moonbirds did over $280 million in volume within its first week, one of the fastest starts any NFT collection has had.",Contagion Era (2022-2023),Launch,Mid,2022,,Editorial research,
527,2022-04-21,Bitcoin Core 23.0 released,"Bitcoin Core version 23.0 was tagged and released, part of the reference implementation's continuous development history.",Contagion Era (2022-2023),Client Release,Floor,2022,,Bitcoin Core,https://github.com/bitcoin/bitcoin/releases
528,2022-04-21,Zeed Finance,Zeed Finance was exploited via incorrect calculation. Reported loss: $1 million.,Contagion Era (2022-2023),Hack / Exploit,Floor,2022,$1 million,DeFiHackLabs,https://github.com/SunWeb3Sec/DeFiHackLabs
529,2022-04-23,Akutar NFT,Akutar NFT was exploited via denial of Service. Reported loss: 34M USD.,Contagion Era (2022-2023),Hack / Exploit,Floor,2022,34M USD,DeFiHackLabs,https://github.com/SunWeb3Sec/DeFiHackLabs
530,2022-04-28,DEUS DAO,DEUS DAO was exploited via flashloan & Price Oracle Manipulation. Reported loss: $13 million.,Contagion Era (2022-2023),Hack / Exploit,Floor,2022,$13 million,DeFiHackLabs,https://github.com/SunWeb3Sec/DeFiHackLabs
531,2022-04-28,GMT peaks near $4.11,STEPN's governance token peaked around $4.11 with sneaker NFTs selling for thousands of dollars.,Contagion Era (2022-2023),Milestone,Mid,2022,,Editorial research,
532,2022-04-30,BAYC floor peaks near 153 ETH,"The Bored Ape floor topped out around 153 ETH during the Otherdeed mania, the high-water mark for PFP collections.",Contagion Era (2022-2023),Milestone,Mid,2022,,Editorial research,
533,2022-04-30,Otherdeed mint burns $150M in gas,Yuga Labs' Otherdeed land sale pushed Ethereum gas to historic highs and burned enormous value in failed transactions.,Contagion Era (2022-2023),Milestone,Mid,2022,,Editorial research,
534,2022-04-30,Rari Capital/Fei Protocol,Rari Capital/Fei Protocol was exploited via flashloan Attack + Reentrancy. Reported loss: $80 million.,Contagion Era (2022-2023),Hack / Exploit,Floor,2022,$80 million,DeFiHackLabs,https://github.com/SunWeb3Sec/DeFiHackLabs
535,2022-04-30,Saddle Finance,Saddle Finance was exploited via swap Metapool Attack. Reported loss: $10 million.,Contagion Era (2022-2023),Hack / Exploit,Floor,2022,$10 million,DeFiHackLabs,https://github.com/SunWeb3Sec/DeFiHackLabs
536,2022-05-02,EIP-5069: EIP Editor Handbook,EIP-5069 (EIP Editor Handbook) was proposed. Status: Living.,Contagion Era (2022-2023),Standard (EIP) — Final,Floor,2022,,Ethereum EIPs,https://eips.ethereum.org/EIPS/eip-5069
537,2022-05-03,ERC-5169: Client Script URI for Token Contracts,ERC-5169 (Client Script URI for Token Contracts) was proposed. Status: Final. This EIP provides a contract interface adding a scriptURI() function for locating executable scripts associated with the token.,Contagion Era (2022-2023),Standard (ERC) — Final,Floor,2022,,Ethereum ERCs,https://eips.ethereum.org/EIPS/eip-5169
538,2022-05-08,Fortress Loans,"Fortress Loans was exploited via malicious Proposal & Price Oracle Manipulation. Reported loss: 1,048.1 ETH + 400,000 DAI (~$3.00M).",Contagion Era (2022-2023),Hack / Exploit,Floor,2022,"1,048.1 ETH + 400,000 DAI (~$3.00M)",DeFiHackLabs,https://github.com/SunWeb3Sec/DeFiHackLabs
539,2022-05-09,UST depegs and Terra collapses,"TerraUSD lost its peg and the Luna supply hyperinflated, erasing roughly $40 billion within a week and taking much of the lending sector with it.",Contagion Era (2022-2023),Collapse,GRAIL,2022,,Editorial research,https://en.wikipedia.org/wiki/Terra_(blockchain)
540,2022-05-17,ApeCoin (APE),ApeCoin (APE) was exploited via flashloan. Reported loss: $1.1 million.,Contagion Era (2022-2023),Hack / Exploit,Floor,2022,$1.1 million,DeFiHackLabs,https://github.com/SunWeb3Sec/DeFiHackLabs
541,2022-05-27,STEPN exits mainland China,"STEPN announced it would cut off mainland China users, and the token and sneaker economy collapsed together — the clearest demonstration that play-to-earn yields depend entirely on new entrants.",Contagion Era (2022-2023),Collapse,Chase,2022,,Editorial research,
542,2022-05-31,Optimism OP airdrop #1,"Optimism's first airdrop rewarded early L2 users and DAO voters, kicking off the L2 points-farming era.",Contagion Era (2022-2023),Milestone,Mid,2022,,Editorial research,
543,2022-06-01,EIP-5133: Delaying Difficulty Bomb to mid-September 2022,"EIP-5133 (Delaying Difficulty Bomb to mid-September 2022) was proposed. Status: Final. Starting with FORKBLOCKNUMBER the client will calculate the difficulty based on a fake block number suggesting to the client that the difficulty bomb is adjusting 11,400,000 blocks later than the actual block number.",Contagion Era (2022-2023),Standard (EIP) — Final,Floor,2022,,Ethereum EIPs,https://eips.ethereum.org/EIPS/eip-5133
544,2022-06-08,GYMNetwork,GYMNetwork was exploited via accesscontrol. Reported loss: $2.1 million.,Contagion Era (2022-2023),Hack / Exploit,Floor,2022,$2.1 million,DeFiHackLabs,https://github.com/SunWeb3Sec/DeFiHackLabs
545,2022-06-12,Celsius freezes withdrawals,"Celsius halted all withdrawals citing extreme market conditions, and filed for bankruptcy the following month.",Contagion Era (2022-2023),Collapse,Chase,2022,,Editorial research,
546,2022-06-23,ERC-5202: Blueprint contract format,"ERC-5202 (Blueprint contract format) was proposed. Status: Final. Define a standard for ""blueprint"" contracts, or contracts which represent initcode that is stored on-chain.",Contagion Era (2022-2023),Standard (ERC) — Final,Floor,2022,,Ethereum ERCs,https://eips.ethereum.org/EIPS/eip-5202
547,2022-06-24,Harmony's Horizon Bridge,Harmony's Horizon Bridge was exploited via private key compromised. Reported loss: $100 million.,Contagion Era (2022-2023),Hack / Exploit,Floor,2022,$100 million,DeFiHackLabs,https://github.com/SunWeb3Sec/DeFiHackLabs
548,2022-06-26,XCarnival,XCarnival was exploited via infinite Number of Loans. Reported loss: 3087 ETH (~$3.87M).,Contagion Era (2022-2023),Hack / Exploit,Floor,2022,3087 ETH (~$3.87M),DeFiHackLabs,https://github.com/SunWeb3Sec/DeFiHackLabs
549,2022-06-30,Gray Glacier,Ethereum delayed the difficulty bomb for the final time before the Merge.,Contagion Era (2022-2023),Network Upgrade,Chase,2022,,Editorial research,
550,2022-07-01,ERC-5192: Minimal Soulbound NFTs,ERC-5192 (Minimal Soulbound NFTs) was proposed. Status: Final. This standard is an extension of EIP-721. It proposes a minimal interface to make tokens soulbound using the feature detection functionality of EIP-165. A soulbound token is a non-fungible token bound to a single account.,Contagion Era (2022-2023),Standard (ERC) — Final,Floor,2022,,Ethereum ERCs,https://eips.ethereum.org/EIPS/eip-5192
551,2022-07-01,Quixotic,Quixotic was exploited via optimism NFT Marketplace. Reported loss: $100K.,Contagion Era (2022-2023),Hack / Exploit,Floor,2022,$100K,DeFiHackLabs,https://github.com/SunWeb3Sec/DeFiHackLabs
552,2022-07-01,Three Arrows Capital liquidated,"3AC entered liquidation after Terra and leveraged GBTC positions destroyed its balance sheet, cascading through every major crypto lender.",Contagion Era (2022-2023),Collapse,Chase,2022,,Editorial research,
553,2022-07-10,ERC-5219: Contract Resource Requests,ERC-5219 (Contract Resource Requests) was proposed. Status: Final. This EIP standardizes an interface to make resource requests to smart contracts and to receive HTTP-like responses.,Contagion Era (2022-2023),Standard (ERC) — Final,Floor,2022,,Ethereum ERCs,https://eips.ethereum.org/EIPS/eip-5219
554,2022-07-10,Omni NFT,Omni NFT was exploited via reentrancy. Reported loss: $1.4M.,Contagion Era (2022-2023),Hack / Exploit,Floor,2022,$1.4M,DeFiHackLabs,https://github.com/SunWeb3Sec/DeFiHackLabs
555,2022-07-14,ERC-5267: Retrieval of EIP-712 domain,"ERC-5267 (Retrieval of EIP-712 domain) was proposed. Status: Final. This EIP complements EIP-712 by standardizing how contracts should publish the fields and values that describe their domain. This enables applications to retrieve this description and generate appropriate domain separators in a general way, and",Contagion Era (2022-2023),Standard (ERC) — Final,Floor,2022,,Ethereum ERCs,https://eips.ethereum.org/EIPS/eip-5267
556,2022-07-22,ERC-5313: Light Contract Ownership,ERC-5313 (Light Contract Ownership) was proposed. Status: Final. This specification defines the minimum interface required to identify an account that controls a contract.,Contagion Era (2022-2023),Standard (ERC) — Final,Floor,2022,,Ethereum ERCs,https://eips.ethereum.org/EIPS/eip-5313
557,2022-07-23,Audius,Audius was exploited via storage Collision & Malicious Proposal. Reported loss: 704 ETH (~1.08M US$).,Contagion Era (2022-2023),Hack / Exploit,Floor,2022,704 ETH (~1.08M US$),DeFiHackLabs,https://github.com/SunWeb3Sec/DeFiHackLabs
558,2022-07-30,ERC-5375: NFT Author Information and Consent,"ERC-5375 (NFT Author Information and Consent) was proposed. Status: Final. This EIP standardizes a JSON format for storing off-chain information about NFT authors. Specifically, it adds a new field which provides a list of author names, addresses, and proofs of authorship consent: proofs that the authors have agreed to be named as",Contagion Era (2022-2023),Standard (ERC) — Final,Floor,2022,,Ethereum ERCs,https://eips.ethereum.org/EIPS/eip-5375
559,2022-08-01,Nomad bridge drained in a free-for-all,"A faulty upgrade let anyone replay a valid transaction with their own address, and roughly $190 million was drained by hundreds of copycats.",Contagion Era (2022-2023),Hack / Exploit,Floor,2022,,Editorial research,
560,2022-08-01,Reaper Farm,Reaper Farm was exploited via business Logic Flaw: Lack of access control mechanism. Reported loss: Multiple ERC-20 Tokens (~1.7M US$).,Contagion Era (2022-2023),Hack / Exploit,Floor,2022,Multiple ERC-20 Tokens (~1.7M US$),DeFiHackLabs,https://github.com/SunWeb3Sec/DeFiHackLabs
561,2022-08-08,OFAC sanctions Tornado Cash,"The US Treasury sanctioned a smart contract for the first time, raising unresolved questions about whether code can be a sanctioned entity.",Contagion Era (2022-2023),Regulatory,Mid,2022,,Editorial research,
562,2022-08-10,ERC-5521: Referable NFT,"ERC-5521 (Referable NFT) was proposed. Status: Final. This standard is an extension of ERC-721. It proposes two referable indicators, referring and referred, and a time-based indicator createdTimestamp. The relationship between each NFT forms a directed acyclic graph (DAG). The standard allows u",Contagion Era (2022-2023),Standard (ERC) — Final,Floor,2022,,Ethereum ERCs,https://eips.ethereum.org/EIPS/eip-5521
563,2022-08-10,XSTABLE Protocol,XSTABLE Protocol was exploited via incorrect Logic Check.,Contagion Era (2022-2023),Hack / Exploit,Floor,2022,$366k,DeFiHackLabs,https://github.com/SunWeb3Sec/DeFiHackLabs
564,2022-08-13,ERC-5564: Stealth Addresses,"ERC-5564 (Stealth Addresses) was proposed. Status: Final. This specification establishes a standardized method for interacting with stealth addresses, which allow senders of transactions or transfers to non-interactively generate private accounts exclusively accessible by their recipients. Moreover, this specificatio",Contagion Era (2022-2023),Standard (ERC) — Final,Floor,2022,,Ethereum ERCs,https://eips.ethereum.org/EIPS/eip-5564
565,2022-08-15,ERC-5585: ERC-721 NFT Authorization,ERC-5585 (ERC-721 NFT Authorization) was proposed. Status: Final. This EIP separates the ERC-721 NFT's commercial usage rights from its ownership to allow for the independent management of those rights.,Contagion Era (2022-2023),Standard (ERC) — Final,Floor,2022,,Ethereum ERCs,https://eips.ethereum.org/EIPS/eip-5585
566,2022-08-16,ERC-5489: NFT Hyperlink Extension,"ERC-5489 (NFT Hyperlink Extension) was proposed. Status: Final. This EIP proposes a new extension for NFTs (non-fungible token, aka EIP-721): nft-hyperlink-extention (hNFT), embedding NFTs with hyperlinks, referred to as “hNFTs”. As owners of hNFTs, users may authorize a URL slot to a specific address which",Contagion Era (2022-2023),Standard (ERC) — Final,Floor,2022,,Ethereum ERCs,https://eips.ethereum.org/EIPS/eip-5489
567,2022-08-16,ERC-5528: Refundable Fungible Token,ERC-5528 (Refundable Fungible Token) was proposed. Status: Final. This standard is an extension of EIP-20. This specification defines a type of escrow service with the following flow:,Contagion Era (2022-2023),Standard (ERC) — Final,Floor,2022,,Ethereum ERCs,https://eips.ethereum.org/EIPS/eip-5528
568,2022-08-17,ERC-5484: Consensual Soulbound Tokens,"ERC-5484 (Consensual Soulbound Tokens) was proposed. Status: Final. This EIP defines an interface extending EIP-721 to create soulbound tokens. Before issuance, both parties (the issuer and the receiver), have to agree on who has the authorization to burn this token. Burn authorization is immutable after declar",Contagion Era (2022-2023),Standard (ERC) — Final,Floor,2022,,Ethereum ERCs,https://eips.ethereum.org/EIPS/eip-5484
569,2022-08-19,ERC-5507: Refundable Tokens,"ERC-5507 (Refundable Tokens) was proposed. Status: Final. This ERC adds refund functionality for initial token offerings to ERC-20, ERC-721, and ERC-1155. Funds are held in escrow until a predetermined time before they are claimable. Until that predetermined time passes",Contagion Era (2022-2023),Standard (ERC) — Final,Floor,2022,,Ethereum ERCs,https://eips.ethereum.org/EIPS/eip-5507
570,2022-08-19,ERC-5516: Soulbound Multi-owner Tokens,"ERC-5516 (Soulbound Multi-owner Tokens) was proposed. Status: Final. This EIP proposes a standard interface for non-transferable, multi-owner Soulbound tokens. Previous account-bound token standards face the issue of users losing their account keys or having them rotated, thereby losing their tokens in the process. This EIP pro",Contagion Era (2022-2023),Standard (ERC) — Final,Floor,2022,,Ethereum ERCs,https://eips.ethereum.org/EIPS/eip-5516
571,2022-09-01,ERC-5570: Digital Receipt Non-Fungible Tokens,ERC-5570 (Digital Receipt Non-Fungible Tokens) was proposed. Status: Final. This ERC proposes a standard schema for digital receipts of transactions. Digital Receipt Non-Fungible Tokens are issued by a vendor when a customer makes a purchase from their store and contains transaction details necessary for record keeping. Digital Receip,Contagion Era (2022-2023),Standard (ERC) — Final,Floor,2022,,Ethereum ERCs,https://eips.ethereum.org/EIPS/eip-5570
572,2022-09-06,ERC-5606: Multiverse NFTs,"ERC-5606 (Multiverse NFTs) was proposed. Status: Final. This specification defines a minimal interface to create a multiverse NFT standard for digital assets such as wearables and in-game items that, in turn, index the delegate NFTs on each platform where this asset exists. These platforms could be metaverses, play",Contagion Era (2022-2023),Standard (ERC) — Final,Floor,2022,,Ethereum ERCs,https://eips.ethereum.org/EIPS/eip-5606
573,2022-09-08,ERC-5625: NFT Metadata JSON Schema dStorage Extension,"ERC-5625 (NFT Metadata JSON Schema dStorage Extension) was proposed. Status: Final. This EIP extends the NFT metadata JSON schema defined in EIP-721 and EIP-1155, adding a dStorage key that provides information about how the NFT data is stored.",Contagion Era (2022-2023),Standard (ERC) — Final,Floor,2022,,Ethereum ERCs,https://eips.ethereum.org/EIPS/eip-5625
574,2022-09-08,ERC-5725: Transferable Vesting NFT,ERC-5725 (Transferable Vesting NFT) was proposed. Status: Final. A Non-Fungible Token (NFT) standard used to vest tokens (ERC-20 or otherwise) over a vesting release curve.,Contagion Era (2022-2023),Standard (ERC) — Final,Floor,2022,,Ethereum ERCs,https://eips.ethereum.org/EIPS/eip-5725
575,2022-09-08,NewFreeDAO,NewFreeDAO was exploited via flashloans Attack. Reported loss: 1M US$.,Contagion Era (2022-2023),Hack / Exploit,Floor,2022,1M US$,DeFiHackLabs,https://github.com/SunWeb3Sec/DeFiHackLabs
576,2022-09-11,ERC-5646: Token State Fingerprint,ERC-5646 (Token State Fingerprint) was proposed. Status: Final. This specification defines the minimum interface required to unambiguously identify the state of a mutable token without knowledge of implementation details.,Contagion Era (2022-2023),Standard (ERC) — Final,Floor,2022,,Ethereum ERCs,https://eips.ethereum.org/EIPS/eip-5646
577,2022-09-13,MevBot private tx,MevBot private tx was exploited via incorrect access control. Reported loss: $140 K.,Contagion Era (2022-2023),Hack / Exploit,Floor,2022,$140 K,DeFiHackLabs,https://github.com/SunWeb3Sec/DeFiHackLabs
578,2022-09-15,The Merge,"Ethereum switched from proof-of-work to proof-of-stake in a live transition, cutting energy use by roughly 99.95% with no chain halt.",Contagion Era (2022-2023),Network Upgrade,GRAIL,2022,,Editorial research,https://ethereum.org/en/roadmap/merge/
579,2022-09-17,ERC-5679: Token Minting and Burning,ERC-5679 (Token Minting and Burning) was proposed. Status: Final. This EIP introduces a consistent way to extend token standards for minting and burning.,Contagion Era (2022-2023),Standard (ERC) — Final,Floor,2022,,Ethereum ERCs,https://eips.ethereum.org/EIPS/eip-5679
580,2022-09-28,MEVBOT,"MEVBOT was exploited via arbitrary Call. Reported loss: $1,469,700.",Contagion Era (2022-2023),Hack / Exploit,Floor,2022,"$1,469,700",DeFiHackLabs,https://github.com/SunWeb3Sec/DeFiHackLabs
581,2022-09-29,ERC-5732: Commit Interface,"ERC-5732 (Commit Interface) was proposed. Status: Final. A simple commit interface to support commit-reveal scheme which provides only a commit method but no reveal method, allowing implementations to integrate this interface with arbitrary reveal methods such as vote or transfer.",Contagion Era (2022-2023),Standard (ERC) — Final,Floor,2022,,Ethereum ERCs,https://eips.ethereum.org/EIPS/eip-5732
582,2022-09-30,EIP-5757: Process for Approving External Resources,"EIP-5757 (Process for Approving External Resources) was proposed. Status: Final. Ethereum improvement proposals (EIPs) occasionally link to resources external to this repository. This document sets out the requirements for origins that may be linked to, and the process for approving a new origin.",Contagion Era (2022-2023),Standard (EIP) — Final,Floor,2022,,Ethereum EIPs,https://eips.ethereum.org/EIPS/eip-5757
583,2022-10-02,Transit Swap,Transit Swap was exploited via incorrect owner address validation. Reported loss: over $21 Million.,Contagion Era (2022-2023),Hack / Exploit,Floor,2022,over $21 Million,DeFiHackLabs,https://github.com/SunWeb3Sec/DeFiHackLabs
584,2022-10-04,EIP-5749: The 'window.evmproviders' object,EIP-5749 (The 'window.evmproviders' object) was proposed. Status: Final. A Javascript Ethereum Provider interface injection that will allow for the interoperability of multiple browser wallets at the same time. Replacing window.ethereum with window.evmproviders is a simple solution that will provide multiple benefits including:,Contagion Era (2022-2023),Standard (EIP) — Final,Floor,2022,,Ethereum EIPs,https://eips.ethereum.org/EIPS/eip-5749
585,2022-10-04,ERC-5750: General Extensibility for Method Behaviors,ERC-5750 (General Extensibility for Method Behaviors) was proposed. Status: Final. This EIP standardizes the passing of unstructured call data to functions to enable future extensibility.,Contagion Era (2022-2023),Standard (ERC) — Final,Floor,2022,,Ethereum ERCs,https://eips.ethereum.org/EIPS/eip-5750
586,2022-10-10,ERC-5773: Context-Dependent Multi-Asset Tokens,ERC-5773 (Context-Dependent Multi-Asset Tokens) was proposed. Status: Final. The Multi-Asset NFT standard allows for the construction of a new primitive: context-dependent output of information per single NFT.,Contagion Era (2022-2023),Standard (ERC) — Final,Floor,2022,,Ethereum ERCs,https://eips.ethereum.org/EIPS/eip-5773
587,2022-10-11,Mango Markets manipulated for $114M,"Avraham Eisenberg manipulated MNGO's oracle price to borrow against inflated collateral, then argued it was a legal trading strategy.",Contagion Era (2022-2023),Hack / Exploit,Floor,2022,,Editorial research,
588,2022-10-11,Templedao,Templedao was exploited via insufficient access control. Reported loss: $2.3 million.,Contagion Era (2022-2023),Hack / Exploit,Floor,2022,$2.3 million,DeFiHackLabs,https://github.com/SunWeb3Sec/DeFiHackLabs
589,2022-10-12,Aptos mainnet genesis,"Aptos produced its genesis block, the first chain to ship the Move language, built by ex-Meta engineers from the abandoned Diem project.",Contagion Era (2022-2023),Launch,Mid,2022,,Editorial research,https://aptosnetwork.com/currents/aptos-tokenomics-overview
590,2022-10-17,EIP-5792: Wallet Call API,EIP-5792 (Wallet Call API) was proposed. Status: Final. Defines new JSON-RPC methods which enable apps to ask a wallet to process a batch of onchain write calls and to check on the status of those calls. Applications can specify that these onchain calls be executed taking advantage of specific capabilities previous,Contagion Era (2022-2023),Standard (EIP) — Final,Floor,2022,,Ethereum EIPs,https://eips.ethereum.org/EIPS/eip-5792
591,2022-10-18,EIP-5793: eth/68 - Add tx type to tx announcement,EIP-5793 (eth/68 - Add tx type to tx announcement) was proposed. Status: Final. The Ethereum Wire Protocol defines request and response messages for exchanging data between clients. The NewPooledTransactionHashes message announces transactions available in the node. This EIP extends this announcement message such that beside the transac,Contagion Era (2022-2023),Standard (EIP) — Final,Floor,2022,,Ethereum EIPs,https://eips.ethereum.org/EIPS/eip-5793
592,2022-10-19,Aptos airdrops $154M to testnet users,"20,076,150 APT went to 110,235 addresses at 150 APT each — worth roughly $1,237 per wallet on the day. APT fell about 40% within hours of trading opening.",Contagion Era (2022-2023),Milestone,Mid,2022,,Editorial research,https://cryptobriefing.com/aptos-airdrops-tokens-to-thousands-in-trading-launch/
593,2022-10-24,Market,Market was exploited via read-only Reentrancy. Reported loss: $220k.,Contagion Era (2022-2023),Hack / Exploit,Floor,2022,$220k,DeFiHackLabs,https://github.com/SunWeb3Sec/DeFiHackLabs
594,2022-10-27,Team Finance,Team Finance was exploited via liquidity Migration Exploit. Reported loss: Multiple Tokens ~$15.8M US$.,Contagion Era (2022-2023),Hack / Exploit,Floor,2022,Multiple Tokens ~$15.8M US$,DeFiHackLabs,https://github.com/SunWeb3Sec/DeFiHackLabs
595,2022-11-02,CoinDesk publishes Alameda balance sheet,"A leaked balance sheet showed Alameda Research's assets were largely FTT, the token its sister exchange issued, beginning FTX's collapse.",Contagion Era (2022-2023),Collapse,Chase,2022,,Editorial research,https://www.coindesk.com/business/2022/11/02/divisions-in-sam-bankman-frieds-crypto-empire-blur-on-his-trading-titan-alamedas-balance-sheet?_gl=1*b395ic*_up*MQ..*_ga*MzkwNDU4MjEzLjE3ODk5MDIyNjA.*_ga_VM3STRYVN8*czE3ODk5MDIyNTkkbzEkZzAkdDE3ODk5MDIyNTkkajYwJGwwJGgxMDAzNzQ3NDg3
596,2022-11-07,MooCAKECTX,MooCAKECTX was exploited via flashLoan Attack. Reported loss: $140k.,Contagion Era (2022-2023),Hack / Exploit,Floor,2022,$140k,DeFiHackLabs,https://github.com/SunWeb3Sec/DeFiHackLabs
597,2022-11-08,Binance triggers FTX bank run,"CZ announced Binance would sell its FTT holdings, and FTX faced $6 billion of withdrawals it could not meet.",Contagion Era (2022-2023),Collapse,Chase,2022,,Editorial research,https://www.binance.com/en/square/post/20616899862082
598,2022-11-08,Kashi,Kashi was exploited via price-caching Design Defect. Reported loss: $110k.,Contagion Era (2022-2023),Hack / Exploit,Floor,2022,$110k,DeFiHackLabs,https://github.com/SunWeb3Sec/DeFiHackLabs
599,2022-11-10,DFXFinance,DFXFinance was exploited via reentrancy. Reported loss: $4M.,Contagion Era (2022-2023),Hack / Exploit,Floor,2022,$4M,DeFiHackLabs,https://github.com/SunWeb3Sec/DeFiHackLabs
600,2022-11-11,FTX files for bankruptcy,"FTX, Alameda and 130 affiliates filed for Chapter 11 with roughly $8 billion missing in customer funds; Sam Bankman-Fried resigned.",Contagion Era (2022-2023),Collapse,GRAIL,2022,,Editorial research,https://en.wikipedia.org/wiki/FTX
601,2022-11-15,ERC-6059: Parent-Governed Nestable Non-Fungible Tokens,ERC-6059 (Parent-Governed Nestable Non-Fungible Tokens) was proposed. Status: Final. The Parent-Governed Nestable NFT standard extends ERC-721 by allowing for a new inter-NFT relationship and interaction.,Contagion Era (2022-2023),Standard (ERC) — Final,Floor,2022,,Ethereum ERCs,https://eips.ethereum.org/EIPS/eip-6059
602,2022-11-17,Bitcoin Core 24.0 released,"Bitcoin Core version 24.0 was tagged and released, part of the reference implementation's continuous development history.",Contagion Era (2022-2023),Client Release,Floor,2022,,Bitcoin Core,https://github.com/bitcoin/bitcoin/releases
603,2022-11-19,Circle,Circle was exploited via price Manipulation. Reported loss: ~$151.6K.,Contagion Era (2022-2023),Hack / Exploit,Floor,2022,~$151.6K,DeFiHackLabs,https://github.com/SunWeb3Sec/DeFiHackLabs
604,2022-11-27,EIP-6049: Deprecate SELFDESTRUCT,EIP-6049 (Deprecate SELFDESTRUCT) was proposed. Status: Final. This EIP deprecates the SELFDESTRUCT opcode and warns against its use. A breaking change to this functionality is likely to come in the future.,Contagion Era (2022-2023),Standard (EIP) — Final,Floor,2022,,Ethereum EIPs,https://eips.ethereum.org/EIPS/eip-6049
605,2022-11-29,ERC-6066: Signature Validation Method for NFTs,"ERC-6066 (Signature Validation Method for NFTs) was proposed. Status: Final. While Externally Owned Accounts can validate signed messages with ecrecover() and smart contracts can validate signatures using specifications outlined in ERC-1271, currently there is no standard method to create or validate sign",Contagion Era (2022-2023),Standard (ERC) — Final,Floor,2022,,Ethereum ERCs,https://eips.ethereum.org/EIPS/eip-6066
606,2022-12-02,ERC-6105: No Intermediary NFT Trading Protocol,"ERC-6105 (No Intermediary NFT Trading Protocol) was proposed. Status: Final. This ERC adds a marketplace functionality to ERC-721 to enable non-fungible token trading without relying on an intermediary trading platform. At the same time, creators may implement more diverse royalty schemes.",Contagion Era (2022-2023),Standard (ERC) — Final,Floor,2022,,Ethereum ERCs,https://eips.ethereum.org/EIPS/eip-6105
607,2022-12-02,OverNight,OverNight was exploited via flashLoan Attack. Reported loss: 170k.,Contagion Era (2022-2023),Hack / Exploit,Floor,2022,170k,DeFiHackLabs,https://github.com/SunWeb3Sec/DeFiHackLabs
608,2022-12-05,Bitcoin Core 22.1 released,"Bitcoin Core version 22.1 was tagged and released, part of the reference implementation's continuous development history.",Contagion Era (2022-2023),Client Release,Floor,2022,,Bitcoin Core,https://github.com/bitcoin/bitcoin/releases
609,2022-12-06,Bitcoin Core 24.0.1 released,"Bitcoin Core version 24.0.1 was tagged and released, part of the reference implementation's continuous development history.",Contagion Era (2022-2023),Client Release,Floor,2022,,Bitcoin Core,https://github.com/bitcoin/bitcoin/releases
610,2022-12-06,ERC-6093: Custom errors for commonly-used tokens,"ERC-6093 (Custom errors for commonly-used tokens) was proposed. Status: Final. This EIP defines a standard set of custom errors for commonly-used tokens, which are defined as ERC-20, ERC-721, and ERC-1155 tokens.",Contagion Era (2022-2023),Standard (ERC) — Final,Floor,2022,,Ethereum ERCs,https://eips.ethereum.org/EIPS/eip-6093
611,2022-12-07,"ERC-6147: Guard of NFT/SBT, an Extension of ERC-721","ERC-6147 (Guard of NFT/SBT, an Extension of ERC-721) was proposed. Status: Final. This standard is an extension of ERC-721. It separates the holding right and transfer right of non-fungible tokens (NFTs) and Soulbound Tokens (SBTs) and defines a new role, guard with expires. The flexibility of the guard setting enables",Contagion Era (2022-2023),Standard (ERC) — Final,Floor,2022,,Ethereum ERCs,https://eips.ethereum.org/EIPS/eip-6147
612,2022-12-09,EIP-6110: Supply validator deposits on chain,EIP-6110 (Supply validator deposits on chain) was proposed. Status: Final. Appends validator deposits to the Execution Layer block structure. This shifts responsibility of deposit inclusion and validation to the Execution Layer and removes the need for deposit (or eth1data) voting from the Consensus Layer.,Contagion Era (2022-2023),Standard (EIP) — Final,Floor,2022,,Ethereum EIPs,https://eips.ethereum.org/EIPS/eip-6110
613,2022-12-11,Lodestar,Lodestar was exploited via flashLoan price manipulation. Reported loss: $4M.,Contagion Era (2022-2023),Hack / Exploit,Floor,2022,$4M,DeFiHackLabs,https://github.com/SunWeb3Sec/DeFiHackLabs
614,2022-12-13,EIP-6122: Forkid checks based on timestamps,"EIP-6122 (Forkid checks based on timestamps) was proposed. Status: Final. EIP-2124 proposed a way of identifying nodes on the p2p network based on their chain configuration via the forkid parameter. It allows nodes to cut incompatible nodes off quickly which makes the P2P network more reliable. After the merge, fork",Contagion Era (2022-2023),Standard (EIP) — Final,Floor,2022,,Ethereum EIPs,https://eips.ethereum.org/EIPS/eip-6122
615,2022-12-13,ElasticSwap,ElasticSwap was exploited via business Logic Flaw. Reported loss: $845k.,Contagion Era (2022-2023),Hack / Exploit,Floor,2022,$845k,DeFiHackLabs,https://github.com/SunWeb3Sec/DeFiHackLabs
616,2022-12-13,SBF arrested in the Bahamas,Sam Bankman-Fried was arrested at US request and later convicted on seven counts of fraud and conspiracy.,Contagion Era (2022-2023),Regulatory,Mid,2022,,Editorial research,
617,2022-12-14,Inscription 0 — the first Ordinal,"Casey Rodarmor inscribed a sub-1KB black-and-white pixelated skull onto a satoshi, five weeks before the protocol was public. For over a year it was the only inscription known to be his.",Contagion Era (2022-2023),Origin,GRAIL,2022,,Editorial research,https://www.bitget.com/en-CA/news/detail/12560604042232
618,2022-12-15,ERC-6150: Hierarchical NFTs,"ERC-6150 (Hierarchical NFTs) was proposed. Status: Final. This standard is an extension to EIP-721. It proposes a multi-layer filesystem-like hierarchical NFTs. This standard provides interfaces to get parent NFT or children NFTs and whether NFT is a leaf node or root node, maintaining the hierarchica",Contagion Era (2022-2023),Standard (ERC) — Final,Floor,2022,,Ethereum ERCs,https://eips.ethereum.org/EIPS/eip-6150
619,2022-12-16,Bitcoin Core 23.1 released,"Bitcoin Core version 23.1 was tagged and released, part of the reference implementation's continuous development history.",Contagion Era (2022-2023),Client Release,Floor,2022,,Bitcoin Core,https://github.com/bitcoin/bitcoin/releases
620,2022-12-20,ERC-6220: Composable NFTs utilizing Equippable Parts,ERC-6220 (Composable NFTs utilizing Equippable Parts) was proposed. Status: Final. The Composable NFTs utilizing equippable parts standard extends ERC-721 by allowing the NFTs to selectively add parts to themselves via equipping.,Contagion Era (2022-2023),Standard (ERC) — Final,Floor,2022,,Ethereum ERCs,https://eips.ethereum.org/EIPS/eip-6220
621,2022-12-23,Defrost,Defrost was exploited via reentrancy. Reported loss: $170k.,Contagion Era (2022-2023),Hack / Exploit,Floor,2022,$170k,DeFiHackLabs,https://github.com/SunWeb3Sec/DeFiHackLabs
622,2022-12-25,BONK launches on Solana,BONK airdropped to Solana users at the depth of the post-FTX despair and is widely credited with reviving on-chain activity.,Contagion Era (2022-2023),Launch,Mid,2022,,Editorial research,
623,2022-12-25,Rubic,Rubic was exploited via arbitrary External Call Vulnerability. Reported loss: $1.5M.,Contagion Era (2022-2023),Hack / Exploit,Floor,2022,$1.5M,DeFiHackLabs,https://github.com/SunWeb3Sec/DeFiHackLabs
624,2022-12-30,ERC-6239: Semantic Soulbound Tokens,ERC-6239 (Semantic Soulbound Tokens) was proposed. Status: Final. This proposal extends ERC-721 and ERC-5192 by introducing Resource Description Framework (RDF) triples to Soulbound Tokens' (‘SBTs‘) metadata.,Contagion Era (2022-2023),Standard (ERC) — Final,Floor,2022,,Ethereum ERCs,https://eips.ethereum.org/EIPS/eip-6239
625,2023-01-01,UniSat launches,"UniSat launched as an open-source Bitcoin wallet and inscription tool during the Ordinals boom, later handling a majority of BRC-20 inscriptions.",Contagion Era (2022-2023),Launch,Mid,2023,,Editorial research,https://docs.unisat.io/products/more-products/unisat-marketplace
626,2023-01-03,GDS,GDS was exploited via business Logic Flaw. Reported loss: $180k.,Contagion Era (2022-2023),Hack / Exploit,Floor,2023,$180k,DeFiHackLabs,https://github.com/SunWeb3Sec/DeFiHackLabs
627,2023-01-10,BRA,BRA was exploited via business Logic Flaw. Reported loss: 819 BNB (~224k$).,Contagion Era (2022-2023),Hack / Exploit,Floor,2023,819 BNB (~224k$),DeFiHackLabs,https://github.com/SunWeb3Sec/DeFiHackLabs
628,2023-01-15,MidasCapital,MidasCapital was exploited via read-only Reentrancy. Reported loss: $650k.,Contagion Era (2022-2023),Hack / Exploit,Floor,2023,$650k,DeFiHackLabs,https://github.com/SunWeb3Sec/DeFiHackLabs
629,2023-01-20,Ordinal Theory Handbook published,Rodarmor published the handbook defining how to identify an individual satoshi and how to attach data to it — the specification the whole ecosystem was built on.,Contagion Era (2022-2023),Origin,Chase,2023,,Editorial research,https://community.magiceden.io/learn/ordinals-guide
630,2023-01-21,Ordinals launch on Bitcoin,"Casey Rodarmor released the Ordinals protocol, allowing arbitrary data to be inscribed on individual satoshis and starting Bitcoin's NFT era.",Contagion Era (2022-2023),Milestone,Mid,2023,,Editorial research,https://thedefiant.io/news/nfts-and-web3/bitcoin-based-taproot-wizards-mint-starts-on-march-25
631,2023-01-22,ERC-6381: Public Non-Fungible Token Emote Repository,ERC-6381 (Public Non-Fungible Token Emote Repository) was proposed. Status: Final. The Public Non-Fungible Token Emote Repository standard provides an enhanced interactive utility for ERC-721 and ERC-1155 by allowing NFTs to be emoted at.,Contagion Era (2022-2023),Standard (ERC) — Final,Floor,2023,,Ethereum ERCs,https://eips.ethereum.org/EIPS/eip-6381
632,2023-01-24,ERC-6538: Stealth Meta-Address Registry,"ERC-6538 (Stealth Meta-Address Registry) was proposed. Status: Final. This specification defines a standardized way of storing and retrieving an entity's stealth meta-address, by extending ERC-5564. An entity may register their stealth meta-address directly. A third party can also register on behalf of an entity",Contagion Era (2022-2023),Standard (ERC) — Final,Floor,2023,,Ethereum ERCs,https://eips.ethereum.org/EIPS/eip-6538
633,2023-01-31,ERC-6454: Minimal Transferable NFT detection interface,ERC-6454 (Minimal Transferable NFT detection interface) was proposed. Status: Final. The Minimalistic Transferable interface for Non-Fungible Tokens standard extends ERC-721 by introducing the ability to identify whether an NFT can be transferred or not.,Contagion Era (2022-2023),Standard (ERC) — Final,Floor,2023,,Ethereum ERCs,https://eips.ethereum.org/EIPS/eip-6454
634,2023-02-01,BonqDAO,BonqDAO was exploited via price Oracle Manipulation. Reported loss: BEUR stablecoin and ALBT Token (~88M US$).,Contagion Era (2022-2023),Hack / Exploit,Floor,2023,BEUR stablecoin and ALBT Token (~88M US$),DeFiHackLabs,https://github.com/SunWeb3Sec/DeFiHackLabs
635,2023-02-01,NodeMonkes inscribed,"NodeMonkes was inscribed across inscription numbers 83,522-111,319, making it the earliest 10K PFP collection on Bitcoin — though it would not go to public sale for another ten months.",Contagion Era (2022-2023),Launch,Mid,2023,,Editorial research,https://www.bitget.com/en-CA/news/detail/12560604042232
636,2023-02-01,Taproot Wizards inscribed,"Udi Wertheimer, Eric Wall and 0xFAR inscribed 2,121 wizards based on the 2013 'magic internet money' Reddit meme, shipping them in a 3.96 MB block — the largest in Bitcoin's history at the time, and a deliberate provocation aimed at Bitcoin maximalists.",Contagion Era (2022-2023),Launch,Mid,2023,,Editorial research,https://www.xverse.app/blog/taproot-wizards
637,2023-02-03,Orion Protocol,Orion Protocol was exploited via reentrancy. Reported loss: $3M.,Contagion Era (2022-2023),Hack / Exploit,Floor,2023,$3M,DeFiHackLabs,https://github.com/SunWeb3Sec/DeFiHackLabs
638,2023-02-03,Spherax USDs,Spherax USDs was exploited via balance Recalculation Bug. Reported loss: ~309k USDs (Stablecoin).,Contagion Era (2022-2023),Hack / Exploit,Floor,2023,~309k USDs (Stablecoin),DeFiHackLabs,https://github.com/SunWeb3Sec/DeFiHackLabs
639,2023-02-07,CowSwap,CowSwap was exploited via arbitrary External Call Vulnerability. Reported loss: ~$120k.,Contagion Era (2022-2023),Hack / Exploit,Floor,2023,~$120k,DeFiHackLabs,https://github.com/SunWeb3Sec/DeFiHackLabs
640,2023-02-09,SEC forces Kraken to end US staking,"Kraken paid $30 million and shut its US staking-as-a-service programme, signalling the SEC viewed staking services as securities offerings.",Contagion Era (2022-2023),Regulatory,Mid,2023,,Editorial research,https://finance.yahoo.com/news/kraken-shut-us-crypto-staking-201154317.html
641,2023-02-10,ERC-6492: Signature Validation for Predeploy Contracts,ERC-6492 (Signature Validation for Predeploy Contracts) was proposed. Status: Final. Contracts can sign verifiable messages via ERC-1271.,Contagion Era (2022-2023),Standard (ERC) — Final,Floor,2023,,Ethereum ERCs,https://eips.ethereum.org/EIPS/eip-6492
642,2023-02-10,dForce,dForce was exploited via read-Only-Reentrancy. Reported loss: ~$3.65M.,Contagion Era (2022-2023),Hack / Exploit,Floor,2023,~$3.65M,DeFiHackLabs,https://github.com/SunWeb3Sec/DeFiHackLabs
643,2023-02-14,Blur airdrop,"Blur airdropped BLUR to NFT traders in tiers worth up to six figures, taking significant market share from OpenSea within weeks.",Contagion Era (2022-2023),Milestone,Mid,2023,,Editorial research,
644,2023-02-14,Ordinal Maxi Biz (OMB) begins inscribing,"The first 100 OMB were inscribed over two weeks from 14 February to 1 March 2023. The collection later grew past 5,000 in waves distinguished by eye colour: Red (100), Blue (100), Green (1,900), Orange (3,141).",Contagion Era (2022-2023),Launch,Mid,2023,,Editorial research,https://www.bitget.com/en-CA/news/detail/12560604042232
645,2023-02-16,Platypusdefi,Platypusdefi was exploited via business Logic Flaw. Reported loss: ~$8.5M.,Contagion Era (2022-2023),Hack / Exploit,Floor,2023,~$8.5M,DeFiHackLabs,https://github.com/SunWeb3Sec/DeFiHackLabs
646,2023-02-17,Dexible,Dexible was exploited via arbitrary External Call Vulnerability. Reported loss: ~$1.5M.,Contagion Era (2022-2023),Hack / Exploit,Floor,2023,~$1.5M,DeFiHackLabs,https://github.com/SunWeb3Sec/DeFiHackLabs
647,2023-02-21,ERC-6672: Multi-redeemable NFTs,"ERC-6672 (Multi-redeemable NFTs) was proposed. Status: Final. This EIP proposes an extension to the ERC-721 standard for Non-Fungible Tokens (NFTs) to enable multi-redeemable NFTs. Redemption provides a means for NFT holders to demonstrate ownership and eligibility of their NFT, which in turn enables them",Contagion Era (2022-2023),Standard (ERC) — Final,Floor,2023,,Ethereum ERCs,https://eips.ethereum.org/EIPS/eip-6672
648,2023-02-24,EFVault,EFVault was exploited via storage Collision. Reported loss: ~$5.1M.,Contagion Era (2022-2023),Hack / Exploit,Floor,2023,~$5.1M,DeFiHackLabs,https://github.com/SunWeb3Sec/DeFiHackLabs
649,2023-02-27,LaunchZone,"LaunchZone was exploited via access Control. Reported loss: ~$320,000 - $7m",Contagion Era (2022-2023),Hack / Exploit,Floor,2023,"~$320,000 - $7m",DeFiHackLabs,https://github.com/SunWeb3Sec/DeFiHackLabs
650,2023-02-27,swapX,swapX was exploited via access Control. Reported loss: ~$1M.,Contagion Era (2022-2023),Hack / Exploit,Floor,2023,~$1M,DeFiHackLabs,https://github.com/SunWeb3Sec/DeFiHackLabs
651,2023-03-07,Phoenix,Phoenix was exploited via access Control & Arbitrary External Call. Reported loss: ~$100k.,Contagion Era (2022-2023),Hack / Exploit,Floor,2023,~$100k,DeFiHackLabs,https://github.com/SunWeb3Sec/DeFiHackLabs
652,2023-03-08,Bitcoin Frogs launches,"10,000 frogs minted free and distributed via the Lightning Network — the first Ordinals collection to do so. It became one of the defining collections of the first Ordinals wave.",Contagion Era (2022-2023),Launch,Mid,2023,,Editorial research,https://ordinalswallet.com/collection/bitcoin-frogs
653,2023-03-10,SVB fails and USDC depegs,Silicon Valley Bank's failure stranded $3.3 billion of Circle's reserves and USDC fell to $0.87 before the deposits were guaranteed.,Contagion Era (2022-2023),Collapse,Chase,2023,,Editorial research,
654,2023-03-13,EulerFinance,EulerFinance was exploited via business Logic Flaw. Reported loss: ~$200M.,Contagion Era (2022-2023),Hack / Exploit,Floor,2023,~$200M,DeFiHackLabs,https://github.com/SunWeb3Sec/DeFiHackLabs
655,2023-03-15,Poolz,Poolz was exploited via integer overflow. Reported loss: ~$390K.,Contagion Era (2022-2023),Hack / Exploit,Floor,2023,~$390K,DeFiHackLabs,https://github.com/SunWeb3Sec/DeFiHackLabs
656,2023-03-20,EIP-684: Revert creation in case of collision,"EIP-684 (Revert creation in case of collision) was proposed. Status: Final. This EIP causes contract creation to throw an error when attempted at an address with pre-existing code. This prevents an attack consisting of deploying contract code and later changing the code arbitrarily by ""creating"" an account at that existing address.",Contagion Era (2022-2023),Standard (EIP) — Final,Floor,2023,,Ethereum EIPs,https://eips.ethereum.org/EIPS/eip-684
657,2023-03-22,Coinbase receives Wells notice,"Coinbase disclosed a Wells notice and chose to fight publicly rather than settle, spending the next two years demanding the SEC write actual rules.",Contagion Era (2022-2023),Regulatory,Mid,2023,,Editorial research,https://www.coinbase.com/blog/the-sec-has-told-us-it-wants-to-sue-us-over-lend-we-have-no-idea-why
658,2023-03-23,Arbitrum ARB airdrop,"Arbitrum distributed 1.162 billion ARB to roughly 625,000 addresses, one of the largest L2 distributions ever and the moment airdrop farming became a full-time job.",Contagion Era (2022-2023),Milestone,Mid,2023,,Editorial research,https://www.theblock.co/news/ecosystems/2023-03-23-arbitrum-airdrop-token-claim-live-222205
659,2023-03-25,EIP-6780: SELFDESTRUCT only in same transaction,"EIP-6780 (SELFDESTRUCT only in same transaction) was proposed. Status: Final. This EIP changes the functionality of the SELFDESTRUCT opcode. The new functionality will be only to send all Ether in the account to the target, except that the current behaviour is preserved when SELFDESTRUCT is called in the same transaction a contract",Contagion Era (2022-2023),Standard (EIP) — Final,Floor,2023,,Ethereum EIPs,https://eips.ethereum.org/EIPS/eip-6780
660,2023-03-28,SafeMoon Hack,SafeMoon Hack was exploited via access Control. Reported loss: $8.9M.,Contagion Era (2022-2023),Hack / Exploit,Floor,2023,$8.9M,DeFiHackLabs,https://github.com/SunWeb3Sec/DeFiHackLabs
661,2023-03-31,ERC-6808: Fungible Key Bound Token,"ERC-6808 (Fungible Key Bound Token) was proposed. Status: Final. A standard interface for Fungible Key Bound Tokens (FKBT/s), a subset of the more general Key Bound Tokens (KBT/s).",Contagion Era (2022-2023),Standard (ERC) — Final,Floor,2023,,Ethereum ERCs,https://eips.ethereum.org/EIPS/eip-6808
662,2023-03-31,ERC-6809: Non-Fungible Key Bound Token,"ERC-6809 (Non-Fungible Key Bound Token) was proposed. Status: Final. A standard interface for Non-Fungible Key Bound Tokens (NFKBT/s), a subset of the more general Key Bound Tokens (KBT/s).",Contagion Era (2022-2023),Standard (ERC) — Final,Floor,2023,,Ethereum ERCs,https://eips.ethereum.org/EIPS/eip-6809
663,2023-04-02,Allbridge,Allbridge was exploited via flashLoan price manipulation. Reported loss: $550k.,Contagion Era (2022-2023),Hack / Exploit,Floor,2023,$550k,DeFiHackLabs,https://github.com/SunWeb3Sec/DeFiHackLabs
664,2023-04-05,Sentiment,Sentiment was exploited via read-Only-Reentrancy. Reported loss: $1M.,Contagion Era (2022-2023),Hack / Exploit,Floor,2023,$1M,DeFiHackLabs,https://github.com/SunWeb3Sec/DeFiHackLabs
665,2023-04-09,SushiSwap,SushiSwap was exploited via unchecked User Input. Reported loss: >$3.3M.,Contagion Era (2022-2023),Hack / Exploit,Floor,2023,>$3.3M,DeFiHackLabs,https://github.com/SunWeb3Sec/DeFiHackLabs
666,2023-04-10,EIP-6916: Automatically Reset Testnet,"EIP-6916 (Automatically Reset Testnet) was proposed. Status: Final. This EIP proposes a specification for an automatically reset testnet, a novel approach to testnets that can be implemented within Ethereum clients. It enables a single testing infrastructure consisting of ephemeral networks with deterministic parameters. Each",Contagion Era (2022-2023),Standard (EIP) — Final,Floor,2023,,Ethereum EIPs,https://eips.ethereum.org/EIPS/eip-6916
667,2023-04-11,Paribus,Paribus was exploited via reentrancy. Reported loss: $100k.,Contagion Era (2022-2023),Hack / Exploit,Floor,2023,$100k,DeFiHackLabs,https://github.com/SunWeb3Sec/DeFiHackLabs
668,2023-04-12,MetaPoint,MetaPoint was exploited via unrestricted Approval. Reported loss: $820k(2500BNB).,Contagion Era (2022-2023),Hack / Exploit,Floor,2023,$820k(2500BNB),DeFiHackLabs,https://github.com/SunWeb3Sec/DeFiHackLabs
669,2023-04-12,Shapella enables staking withdrawals,"Shanghai and Capella activated together, letting validators withdraw staked ETH for the first time and completing the proof-of-stake transition.",Contagion Era (2022-2023),Network Upgrade,Chase,2023,,Editorial research,
670,2023-04-13,yearnFinance,yearnFinance was exploited via misconfiguration. Reported loss: $11.6M.,Contagion Era (2022-2023),Hack / Exploit,Floor,2023,$11.6M,DeFiHackLabs,https://github.com/SunWeb3Sec/DeFiHackLabs
671,2023-04-14,PEPE launches,"PEPE launched with no team allocation and reached a billion-dollar market cap within weeks, opening the 2023-24 memecoin cycle.",Contagion Era (2022-2023),Launch,Mid,2023,,Editorial research,https://www.halborn.com/blog/post/explained-the-hundred-finance-hack-april-2023
672,2023-04-15,HundredFinance,HundredFinance was exploited via donate Inflation ExchangeRate && Rounding Error. Reported loss: $7M.,Contagion Era (2022-2023),Hack / Exploit,Floor,2023,$7M,DeFiHackLabs,https://github.com/SunWeb3Sec/DeFiHackLabs
673,2023-04-16,Swapos V2,Swapos V2 was exploited via error k value Attack. Reported loss: ~$468k.,Contagion Era (2022-2023),Hack / Exploit,Floor,2023,~$468k,DeFiHackLabs,https://github.com/SunWeb3Sec/DeFiHackLabs
674,2023-04-18,Gensler refuses to say whether ETH is a security,"In House testimony Gensler repeatedly declined to classify Ether, a moment the industry cited for years as evidence that regulation-by-enforcement left no knowable rules.",Contagion Era (2022-2023),Regulatory,Mid,2023,,Editorial research,https://thehill.com/business/3956812-republicans-rip-sec-chief-for-crypto-lawsuits-climate-rules/
675,2023-04-19,ERC-6909: Minimal Multi-Token Interface,"ERC-6909 (Minimal Multi-Token Interface) was proposed. Status: Final. The following specifies a multi-token contract as a simplified alternative to the ERC-1155 Multi-Token Standard. In contrast to ERC-1155, callbacks and batching have been removed from the interface and the permission system is a hybrid operato",Contagion Era (2022-2023),Standard (ERC) — Final,Floor,2023,,Ethereum ERCs,https://eips.ethereum.org/EIPS/eip-6909
676,2023-04-28,0vix,0vix was exploited via flashLoan Price Manipulation. Reported loss: ~$2M.,Contagion Era (2022-2023),Hack / Exploit,Floor,2023,~$2M,DeFiHackLabs,https://github.com/SunWeb3Sec/DeFiHackLabs
677,2023-04-28,EIP-6953: Network Upgrade Activation Triggers,"EIP-6953 (Network Upgrade Activation Triggers) was proposed. Status: Final. This EIP outlines the various network upgrade activation triggers used on Ethereum over time, from the proof-of-work era to the first post-merge network upgrade, Shanghai/Capella, across both the execution and consensus layers.",Contagion Era (2022-2023),Standard (EIP) — Final,Floor,2023,,Ethereum EIPs,https://eips.ethereum.org/EIPS/eip-6953
678,2023-05-01,Bankless Ventures raises $35M,"Ryan and David raised a $35 million seed-stage fund as a separate legal entity sharing the Bankless brand, formalising the media-to-VC pipeline.",Contagion Era (2022-2023),Launch,Mid,2023,,Editorial research,https://iq.wiki/wiki/bankless
679,2023-05-01,Bitcoin Frogs out-trades Bored Apes,"Bitcoin Frogs surpassed BAYC in 24-hour trading volume, the moment Ordinals stopped being a curiosity and started taking real attention from Ethereum NFTs.",Contagion Era (2022-2023),Milestone,Mid,2023,,Editorial research,https://leather.io/posts/guide-to-bitcoin-ordinals-collections-what-is-bitcoin-frogs
680,2023-05-01,EIP-6963: Multi Injected Provider Discovery,EIP-6963 (Multi Injected Provider Discovery) was proposed. Status: Final. An alternative discovery mechanism to window.ethereum for EIP-1193 providers which supports discovering multiple injected Wallet Providers in a web page using Javascript's window events.,Contagion Era (2022-2023),Standard (EIP) — Final,Floor,2023,,Ethereum EIPs,https://eips.ethereum.org/EIPS/eip-6963
681,2023-05-01,Level,Level was exploited via business Logic Flaw. Reported loss: ~$1M.,Contagion Era (2022-2023),Hack / Exploit,Floor,2023,~$1M,DeFiHackLabs,https://github.com/SunWeb3Sec/DeFiHackLabs
682,2023-05-02,ERC-6982: Efficient Default Lockable Tokens,ERC-6982 (Efficient Default Lockable Tokens) was proposed. Status: Final. This proposal introduces a lockable interface for ERC-721 tokens that optimizes gas usage by eliminating unnecessary events. This interface forms the foundation for the creation and management of lockable ERC-721 tokens. It prov,Contagion Era (2022-2023),Standard (ERC) — Final,Floor,2023,,Ethereum ERCs,https://eips.ethereum.org/EIPS/eip-6982
683,2023-05-03,Sui mainnet launches,"Sui launched as the second Move-based L1, built by another ex-Diem team with an object-centric data model.",Contagion Era (2022-2023),Launch,Mid,2023,,Editorial research,
684,2023-05-05,DEI Stablecoin,DEI was exploited via wrong implemention. Reported loss: ~5.4M USDC.,Contagion Era (2022-2023),Hack / Exploit,Floor,2023,~5.4M USDC,DeFiHackLabs,https://github.com/SunWeb3Sec/DeFiHackLabs
685,2023-05-09,EIP-7002: Execution layer triggerable withdrawals,EIP-7002 (Execution layer triggerable withdrawals) was proposed. Status: Final. Adds a new mechanism to allow validators to trigger withdrawals and exits from their execution layer (0x01) withdrawal credentials.,Contagion Era (2022-2023),Standard (EIP) — Final,Floor,2023,,Ethereum EIPs,https://eips.ethereum.org/EIPS/eip-7002
686,2023-05-10,ERC-7007: Verifiable AI-Generated Content Token,ERC-7007 (Verifiable AI-Generated Content Token) was proposed. Status: Final. The verifiable AI-generated content (AIGC) non-fungible token (NFT) standard is an extension of the ERC-721 token standard for AIGC. It proposes a set of interfaces for basic interactions and enumerable interactions for AIGC-NFTs. The standard,Contagion Era (2022-2023),Standard (ERC) — Final,Floor,2023,,Ethereum ERCs,https://eips.ethereum.org/EIPS/eip-7007
687,2023-05-10,SNK,SNK was exploited via reward Calculation Error. Reported loss: ~$197k.,Contagion Era (2022-2023),Hack / Exploit,Floor,2023,~$197k,DeFiHackLabs,https://github.com/SunWeb3Sec/DeFiHackLabs
688,2023-05-13,SellToken02,SellToken02 was exploited via price Manipulation. Reported loss: ~$197k.,Contagion Era (2022-2023),Hack / Exploit,Floor,2023,~$197k,DeFiHackLabs,https://github.com/SunWeb3Sec/DeFiHackLabs
689,2023-05-16,Bitcoin Core 23.2 released,"Bitcoin Core version 23.2 was tagged and released, part of the reference implementation's continuous development history.",Contagion Era (2022-2023),Client Release,Floor,2023,,Bitcoin Core,https://github.com/bitcoin/bitcoin/releases
690,2023-05-16,Bitcoin Core 24.1 released,"Bitcoin Core version 24.1 was tagged and released, part of the reference implementation's continuous development history.",Contagion Era (2022-2023),Client Release,Floor,2023,,Bitcoin Core,https://github.com/bitcoin/bitcoin/releases
691,2023-05-18,EIP-7044: Perpetually Valid Signed Voluntary Exits,"EIP-7044 (Perpetually Valid Signed Voluntary Exits) was proposed. Status: Final. Lock validator voluntary exit signature domain on Capella for perpetual validity. Currently, signed voluntary exits are only valid for two upgrades.",Contagion Era (2022-2023),Standard (EIP) — Final,Floor,2023,,Ethereum EIPs,https://eips.ethereum.org/EIPS/eip-7044
692,2023-05-18,EIP-7045: Increase max attestation inclusion slot,EIP-7045 (Increase max attestation inclusion slot) was proposed. Status: Final. Increases max attestation inclusion slot from attestation.slot + SLOTSPEREPOCH to the last slot of epoch N+1 where N is the epoch containing the attestation slot.,Contagion Era (2022-2023),Standard (EIP) — Final,Floor,2023,,Ethereum EIPs,https://eips.ethereum.org/EIPS/eip-7045
693,2023-05-22,ERC-7053: Interoperable Digital Media Indexing,ERC-7053 (Interoperable Digital Media Indexing) was proposed. Status: Final. This EIP proposes an interoperable indexing strategy designed to enhance the organization and retrieval of digital media information across multiple smart contracts and EVM-compatible blockchains. This system enhances the traceability and verification of cross,Contagion Era (2022-2023),Standard (ERC) — Final,Floor,2023,,Ethereum ERCs,https://eips.ethereum.org/EIPS/eip-7053
694,2023-05-24,CS Token,CS Token was exploited via outdated Global Variable. Reported loss: ~714K USD.,Contagion Era (2022-2023),Hack / Exploit,Floor,2023,~714K USD,DeFiHackLabs,https://github.com/SunWeb3Sec/DeFiHackLabs
695,2023-05-25,ERC-5615: ERC-1155 Supply Extension,"ERC-5615 (ERC-1155 Supply Extension) was proposed. Status: Final. This ERC standardizes an existing mechanism to fetch token supply data from ERC-1155 tokens. It adds a totalSupply function, which fetches the number of tokens with a given id, and an exists function, which checks for the existence of a",Contagion Era (2022-2023),Standard (ERC) — Final,Floor,2023,,Ethereum ERCs,https://eips.ethereum.org/EIPS/eip-5615
696,2023-05-25,ERC-7066: Lockable Extension for ERC-721,"ERC-7066 (Lockable Extension for ERC-721) was proposed. Status: Final. An extension of ERC-721, this standard incorporates locking features into NFTs, allowing for various uses while preventing sale or transfer. The token's owner can lock it, setting up locker address (either an EOA or a contract) that exclu",Contagion Era (2022-2023),Standard (ERC) — Final,Floor,2023,,Ethereum ERCs,https://eips.ethereum.org/EIPS/eip-7066
697,2023-05-26,Bitcoin Core 25.0 released,"Bitcoin Core version 25.0 was tagged and released, part of the reference implementation's continuous development history.",Contagion Era (2022-2023),Client Release,Floor,2023,,Bitcoin Core,https://bitcoin.org/en/releases/25.0/
698,2023-05-28,ERC-7092: Financial Bonds,ERC-7092 (Financial Bonds) was proposed. Status: Final. This proposal introduces fixed-income financial bonds with key characteristics defined to facilitate bond issuance in the primary market and enable buying or selling bonds in the secondary market. The standard also provides cross-chain functionalities for bond,Contagion Era (2022-2023),Standard (ERC) — Final,Floor,2023,,Ethereum ERCs,https://eips.ethereum.org/EIPS/eip-7092
699,2023-05-29,Jimbo,Jimbo was exploited via protocol Specific Price Manipulation. Reported loss: ~$8M.,Contagion Era (2022-2023),Hack / Exploit,Floor,2023,~$8M,DeFiHackLabs,https://github.com/SunWeb3Sec/DeFiHackLabs
700,2023-05-31,ERC20TokenBank,ERC20TokenBank was exploited via price Manipulation. Reported loss: ~$111k.,Contagion Era (2022-2023),Hack / Exploit,Floor,2023,~$111k,DeFiHackLabs,https://github.com/SunWeb3Sec/DeFiHackLabs
701,2023-06-01,DDCoin,DDCoin was exploited via flashloan attack and smart contract vulnerability. Reported loss: ~$300k.,Contagion Era (2022-2023),Hack / Exploit,Floor,2023,~$300k,DeFiHackLabs,https://github.com/SunWeb3Sec/DeFiHackLabs
702,2023-06-01,Recursive inscriptions emerge,"Recursive inscriptions let one inscription reference another, escaping the 4MB per-inscription cap and opening up composable on-chain art on Bitcoin. Over 375,000 existed within eight months.",Contagion Era (2022-2023),Milestone,Mid,2023,,Editorial research,https://members.delphidigital.io/reports/a-frenzy-over-bitcoin-ordinals-runes
703,2023-06-05,SEC sues Binance,The SEC charged Binance and CZ with operating an unregistered exchange and mishandling customer assets.,Contagion Era (2022-2023),Regulatory,Mid,2023,,Editorial research,
704,2023-06-06,SEC sues Coinbase,"The SEC sued Coinbase the day after Binance, naming a list of tokens it considered unregistered securities.",Contagion Era (2022-2023),Regulatory,Mid,2023,,Editorial research,
705,2023-06-07,CompounderFinance,"CompounderFinance was exploited via manipulation of funds through fluctuations in the amount of exchangeable assets. Reported loss: ~$27,174.",Contagion Era (2022-2023),Hack / Exploit,Floor,2023,"~$27,174",DeFiHackLabs,https://github.com/SunWeb3Sec/DeFiHackLabs
706,2023-06-09,ERC-7160: ERC-721 Multi-Metadata Extension,"ERC-7160 (ERC-721 Multi-Metadata Extension) was proposed. Status: Final. This EIP proposes an extension to the ERC-721 standard to support multiple metadata URIs per token. It introduces a new interface, IERC721MultiMetadata, which provides methods for accessing the metadata URIs associated with a token, including",Contagion Era (2022-2023),Standard (ERC) — Final,Floor,2023,,Ethereum ERCs,https://eips.ethereum.org/EIPS/eip-7160
707,2023-06-09,ERC-7208: On-Chain Data Containers,"ERC-7208 (On-Chain Data Containers) was proposed. Status: Final. This ERC defines a series of interfaces for the abstraction of storage of on-chain data by implementing the logic functions that govern such data on independent smart contracts. ""On-chain Data Containers"" (ODCs) refer to the separation and indexing of data sto",Contagion Era (2022-2023),Standard (ERC) — Final,Floor,2023,,Ethereum ERCs,https://eips.ethereum.org/EIPS/eip-7208
708,2023-06-11,SellToken04,SellToken04 was exploited via price Manipulation. Reported loss: ~$109k.,Contagion Era (2022-2023),Hack / Exploit,Floor,2023,~$109k,DeFiHackLabs,https://github.com/SunWeb3Sec/DeFiHackLabs
709,2023-06-12,DEPUSDTLEVUSDC,DEPUSDTLEVUSDC was exploited via incorrect access control. Reported loss: ~$105k.,Contagion Era (2022-2023),Hack / Exploit,Floor,2023,~$105k,DeFiHackLabs,https://github.com/SunWeb3Sec/DeFiHackLabs
710,2023-06-12,Sturdy Finance,Sturdy Finance was exploited via read-Only-Reentrancy. Reported loss: ~$800k.,Contagion Era (2022-2023),Hack / Exploit,Floor,2023,~$800k,DeFiHackLabs,https://github.com/SunWeb3Sec/DeFiHackLabs
711,2023-06-17,MidasCapitalXYZ,MidasCapitalXYZ was exploited via precision Loss. Reported loss: ~$600K.,Contagion Era (2022-2023),Hack / Exploit,Floor,2023,~$600K,DeFiHackLabs,https://github.com/SunWeb3Sec/DeFiHackLabs
712,2023-06-17,Pawnfi,Pawnfi was exploited via business Logic Flaw. Reported loss: ~$820K.,Contagion Era (2022-2023),Hack / Exploit,Floor,2023,~$820K,DeFiHackLabs,https://github.com/SunWeb3Sec/DeFiHackLabs
713,2023-06-18,ARA Protocol,ARA was exploited via incorrect handling of permissions. Reported loss: ~$125k.,Contagion Era (2022-2023),Hack / Exploit,Floor,2023,~$125k,DeFiHackLabs,https://github.com/SunWeb3Sec/DeFiHackLabs
714,2023-06-20,ERC-7201: Namespaced Storage Layout,"ERC-7201 (Namespaced Storage Layout) was proposed. Status: Final. We define the NatSpec annotation @custom:storage-location to document storage namespaces and their location in storage in Solidity or Vyper source code. Additionally, we define a formula to derive a location from an arbitrary identifier. The formula is chose",Contagion Era (2022-2023),Standard (ERC) — Final,Floor,2023,,Ethereum ERCs,https://eips.ethereum.org/EIPS/eip-7201
715,2023-06-21,BabyDogeCoin,BabyDogeCoin was exploited via lack Slippage Protection. Reported loss: ~$135k.,Contagion Era (2022-2023),Hack / Exploit,Floor,2023,~$135k,DeFiHackLabs,https://www.certik.com/blog/sneaky-sandwich-exploit-the-babydoge-attack-caused-442-bnb-loss
716,2023-06-24,ERC-7291: Purpose bound money,ERC-7291 (Purpose bound money) was proposed. Status: Final. A Purpose Bound Money (PBM) token is a wrapper around an ERC-1155 token that can be used for a limited activity. This proposal outlines a smart contract interface that builds upon the ERC-1155 standard to implement the purpose bound money (PBM,Contagion Era (2022-2023),Standard (ERC) — Final,Floor,2023,,Ethereum ERCs,https://eips.ethereum.org/EIPS/eip-7291
717,2023-06-25,ERC-7231: Identity-aggregated NFT,"ERC-7231 (Identity-aggregated NFT) was proposed. Status: Final. This standard extends ERC-721 by binding individuals' Web2 and Web3 identities to non-fungible tokens (NFTs) and soulbound tokens (SBTs). By binding multiple identities, aggregated and composible identity infomation can be verified, resulting i",Contagion Era (2022-2023),Standard (ERC) — Final,Floor,2023,,Ethereum ERCs,https://eips.ethereum.org/EIPS/eip-7231
718,2023-06-27,Themis,Themis was exploited via manipulation of prices using Flashloan. Reported loss: ~$370k.,Contagion Era (2022-2023),Hack / Exploit,Floor,2023,~$370k,DeFiHackLabs,https://github.com/SunWeb3Sec/DeFiHackLabs
719,2023-06-28,EIP-7251: Increase the MAXEFFECTIVEBALANCE,"EIP-7251 (Increase the MAXEFFECTIVEBALANCE) was proposed. Status: Final. Increases the constant MAXEFFECTIVEBALANCE, while keeping the minimum staking balance 32 ETH. This permits large node operators to consolidate into fewer validators while also allowing solo-stakers to earn compounding rewards and stake in more flexible i",Contagion Era (2022-2023),Standard (EIP) — Final,Floor,2023,,Ethereum EIPs,https://eips.ethereum.org/EIPS/eip-7251
720,2023-07-08,CIVNFT,CIVNFT was exploited via lack of access control. Reported loss: ~$180k.,Contagion Era (2022-2023),Hack / Exploit,Floor,2023,~$180k,DeFiHackLabs,https://github.com/SunWeb3Sec/DeFiHackLabs
721,2023-07-08,Civfund,Civfund was exploited via lack of access control. Reported loss: ~$165k.,Contagion Era (2022-2023),Hack / Exploit,Floor,2023,~$165k,DeFiHackLabs,https://github.com/SunWeb3Sec/DeFiHackLabs
722,2023-07-10,ArcadiaFi,ArcadiaFi was exploited via reentrancy. Reported loss: ~$400k.,Contagion Era (2022-2023),Hack / Exploit,Floor,2023,~$400k,DeFiHackLabs,https://github.com/SunWeb3Sec/DeFiHackLabs
723,2023-07-11,Libertify,Libertify was exploited via reentrancy. Reported loss: ~$452k.,Contagion Era (2022-2023),Hack / Exploit,Floor,2023,~$452k,DeFiHackLabs,https://github.com/SunWeb3Sec/DeFiHackLabs
724,2023-07-11,RodeoFinance,RodeoFinance was exploited via tWAP Oracle Manipulation. Reported loss: ~$888k.,Contagion Era (2022-2023),Hack / Exploit,Floor,2023,~$888k,DeFiHackLabs,https://github.com/SunWeb3Sec/DeFiHackLabs
725,2023-07-12,Platypus,Platypus was exploited via bussiness Logic Flaw. Reported loss: ~$51K.,Contagion Era (2022-2023),Hack / Exploit,Floor,2023,~$51K,DeFiHackLabs,https://github.com/SunWeb3Sec/DeFiHackLabs
726,2023-07-13,EIP-7329: ERC/EIP Repository split,"EIP-7329 (ERC/EIP Repository split) was proposed. Status: Final. Describes the motivation and rational for splitting the EIP repositories into an EIP repository, targeting core ethereum changes and an ERC repository, targeting application layer specifications.",Contagion Era (2022-2023),Standard (EIP) — Final,Floor,2023,,Ethereum EIPs,https://eips.ethereum.org/EIPS/eip-7329
727,2023-07-13,Ripple wins partial summary judgment,"A judge ruled programmatic XRP sales on exchanges were not securities transactions, though institutional sales were.",Contagion Era (2022-2023),Regulatory,Mid,2023,,Editorial research,
728,2023-07-14,ERC-7432: Non-Fungible Token Roles,ERC-7432 (Non-Fungible Token Roles) was proposed. Status: Final. This standard introduces role management for NFTs. Each role assignment is associated with a single NFT and expires automatically at a given timestamp. Roles are defined as bytes32 and feature a custom data field of arbitrary size to allow customization.,Contagion Era (2022-2023),Standard (ERC) — Final,Floor,2023,,Ethereum ERCs,https://eips.ethereum.org/EIPS/eip-7432
729,2023-07-18,BNO,BNO was exploited via invalid emergency withdraw mechanism. Reported loss: ~$505K.,Contagion Era (2022-2023),Hack / Exploit,Floor,2023,~$505K,DeFiHackLabs,https://github.com/SunWeb3Sec/DeFiHackLabs
730,2023-07-20,FFIST,FFIST was exploited via business Logic Flaw. Reported loss: ~$110k.,Contagion Era (2022-2023),Hack / Exploit,Floor,2023,~$110k,DeFiHackLabs,https://github.com/SunWeb3Sec/DeFiHackLabs
731,2023-07-20,Utopia,Utopia was exploited via business Logic Flaw. Reported loss: ~$119k.,Contagion Era (2022-2023),Hack / Exploit,Floor,2023,~$119k,DeFiHackLabs,https://github.com/SunWeb3Sec/DeFiHackLabs
732,2023-07-21,Conic Finance,Conic Finance was exploited via read-Only-Reentrancy && MisConfiguration. Reported loss: ~$3.25M.,Contagion Era (2022-2023),Hack / Exploit,Floor,2023,~$3.25M,DeFiHackLabs,https://github.com/SunWeb3Sec/DeFiHackLabs
733,2023-07-22,Conic Finance 02,Conic Finance 02 was exploited via price Manipulation. Reported loss: ~$934K.,Contagion Era (2022-2023),Hack / Exploit,Floor,2023,~$934K,DeFiHackLabs,https://github.com/SunWeb3Sec/DeFiHackLabs
734,2023-07-24,Palmswap,Palmswap was exploited via business Logic Flaw. Reported loss: ~$900K.,Contagion Era (2022-2023),Hack / Exploit,Floor,2023,~$900K,DeFiHackLabs,https://github.com/SunWeb3Sec/DeFiHackLabs
735,2023-07-26,Carson,Carson was exploited via price manipulation. Reported loss: ~$150K.,Contagion Era (2022-2023),Hack / Exploit,Floor,2023,~$150K,DeFiHackLabs,https://github.com/SunWeb3Sec/DeFiHackLabs
736,2023-07-26,ERC-7401: Parent-Governed Non-Fungible Tokens Nesting,ERC-7401 (Parent-Governed Non-Fungible Tokens Nesting) was proposed. Status: Final. ❗️ ERC-7401 supersedes ERC-6059. ❗️,Contagion Era (2022-2023),Standard (ERC) — Final,Floor,2023,,Ethereum ERCs,https://eips.ethereum.org/EIPS/eip-7401
737,2023-07-26,ERC-7409: Public Non-Fungible Tokens Emote Repository,ERC-7409 (Public Non-Fungible Tokens Emote Repository) was proposed. Status: Final. ❗️ ERC-7409 supersedes ERC-6381. ❗️,Contagion Era (2022-2023),Standard (ERC) — Final,Floor,2023,,Ethereum ERCs,https://eips.ethereum.org/EIPS/eip-7409
738,2023-07-28,ERC-7439: Prevent ticket touting,ERC-7439 (Prevent ticket touting) was proposed. Status: Final. This standard is an extension of ERC-721 and defines standard functions outlining a scope for ticketing agents or event organizers to take preventative actions to stop audiences being exploited in the ticket scalping market and allow customers,Contagion Era (2022-2023),Standard (ERC) — Final,Floor,2023,,Ethereum ERCs,https://eips.ethereum.org/EIPS/eip-7439
739,2023-07-30,Curve,Curve was exploited via vyper Compiler Bug && Reentrancy. Reported loss: ~ $41M.,Contagion Era (2022-2023),Hack / Exploit,Floor,2023,~ $41M,DeFiHackLabs,https://github.com/SunWeb3Sec/DeFiHackLabs
740,2023-08-01,ERC-7578: Physical Asset Redemption,ERC-7578 (Physical Asset Redemption) was proposed. Status: Final. This proposal is an extension of ERC-721 and implements additional functionality and information pertaining to the NFT’s underlying physical asset by capturing information that enables the holder of physical asset backed NFTs to verify authenti,Contagion Era (2022-2023),Standard (ERC) — Final,Floor,2023,,Ethereum ERCs,https://eips.ethereum.org/EIPS/eip-7578
741,2023-08-01,LeetSwap,LeetSwap was exploited via access Control. Reported loss: ~$630K.,Contagion Era (2022-2023),Hack / Exploit,Floor,2023,~$630K,DeFiHackLabs,https://github.com/SunWeb3Sec/DeFiHackLabs
742,2023-08-02,CurveBurner,CurveBurner was exploited via lack Slippage Protection. Reported loss: ~$36K.,Contagion Era (2022-2023),Hack / Exploit,Floor,2023,~$36K,DeFiHackLabs,https://github.com/SunWeb3Sec/DeFiHackLabs
743,2023-08-09,Base mainnet opens to the public,"Coinbase's OP Stack L2 opened to everyone, becoming the first major exchange-operated rollup.",Contagion Era (2022-2023),Launch,Mid,2023,,Editorial research,
744,2023-08-09,EarningFram,EarningFram was exploited via reentrancy. Reported loss: ~$286k.,Contagion Era (2022-2023),Hack / Exploit,Floor,2023,~$286k,DeFiHackLabs,https://github.com/SunWeb3Sec/DeFiHackLabs
745,2023-08-13,ZunamiProtocol,ZunamiProtocol was exploited via price Manipulation. Reported loss: ~$2M.,Contagion Era (2022-2023),Hack / Exploit,Floor,2023,~$2M,DeFiHackLabs,https://github.com/SunWeb3Sec/DeFiHackLabs
746,2023-08-18,ExactlyProtocol,ExactlyProtocol was exploited via insufficient validation. Reported loss: ~$7M.,Contagion Era (2022-2023),Hack / Exploit,Floor,2023,~$7M,DeFiHackLabs,https://github.com/SunWeb3Sec/DeFiHackLabs
747,2023-08-26,SVT,SVT was exploited via flawed price calculation. Reported loss: ~$400K.,Contagion Era (2022-2023),Hack / Exploit,Floor,2023,~$400K,DeFiHackLabs,https://github.com/SunWeb3Sec/DeFiHackLabs
748,2023-08-27,Balancer,Balancer was exploited via rounding Error && Business Logic Flaw. Reported loss: ~$2M.,Contagion Era (2022-2023),Hack / Exploit,Floor,2023,~$2M,DeFiHackLabs,https://github.com/SunWeb3Sec/DeFiHackLabs
749,2023-08-29,EAC,EAC was exploited via price Manipulation. Reported loss: ~$29BNB.,Contagion Era (2022-2023),Hack / Exploit,Floor,2023,~$29BNB,DeFiHackLabs,https://github.com/SunWeb3Sec/DeFiHackLabs
750,2023-08-29,Grayscale defeats the SEC in court,"The DC Circuit ruled the SEC's rejection of Grayscale's spot ETF conversion was arbitrary and capricious, the legal crack that led to ETF approval.",Contagion Era (2022-2023),Regulatory,Mid,2023,,Editorial research,https://www.dechert.com/knowledge/onpoint/2023/9/d-c--circuit-finds-sec-to-have-acted--arbitrarily-and-capricious.html
751,2023-09-01,Grayscale wins against the SEC,"An appeals court ruled the SEC was arbitrary in rejecting Grayscale's spot ETF conversion, clearing the path to approval.",Contagion Era (2022-2023),Milestone,Mid,2023,,Editorial research,
752,2023-09-01,OnChainMonkey migrates to Bitcoin,"OCM moved its 10,000 avatars from Ethereum to Bitcoin Ordinals, each inscription verifiably linked to its original Ethereum token — one of the first cross-chain NFT migrations of its kind.",Contagion Era (2022-2023),Launch,Mid,2023,,Editorial research,https://transak.com/blog/bitcoin-ordinals-collections-to-keep-an-eye-on
753,2023-09-01,Runes announced by Rodarmor,"Rodarmor proposed Runes as a UTXO-native fungible token standard, explicitly designed to fix BRC-20's tendency to clog the network with junk UTXOs.",Contagion Era (2022-2023),Launch,Mid,2023,,Editorial research,https://bitpinas.com/learn-how-to-guides/runestone-airdrop-bitcoin-ordinals/
754,2023-09-06,APIG,APIG was exploited via business Logic Flaw. Reported loss: ~$169K.,Contagion Era (2022-2023),Rug Pull,Chase,2023,~$169K,DeFiHackLabs,https://github.com/SunWeb3Sec/DeFiHackLabs
755,2023-09-06,HCT,HCT was exploited via price Manipulation. Reported loss: ~$30.5BNB.,Contagion Era (2022-2023),Hack / Exploit,Floor,2023,~$30.5BNB,DeFiHackLabs,https://github.com/SunWeb3Sec/DeFiHackLabs
756,2023-09-07,EIP-7514: Add Max Epoch Churn Limit,EIP-7514 (Add Max Epoch Churn Limit) was proposed. Status: Final. Update the maximum validator growth rate from an exponential to a linear increase by capping the epoch churn limit.,Contagion Era (2022-2023),Standard (EIP) — Final,Floor,2023,,Ethereum EIPs,https://eips.ethereum.org/EIPS/eip-7514
757,2023-09-11,EIP-7516: BLOBBASEFEE instruction,EIP-7516 (BLOBBASEFEE instruction) was proposed. Status: Final. Add a BLOBBASEFEE (0x4a) instruction that returns the value of the blob base-fee of the current block it is executing in. It is the identical to EIP-3198 (BASEFEE opcode) except that it returns the blob base-fee as per [EIP-4844,Contagion Era (2022-2023),Standard (EIP) — Final,Floor,2023,,Ethereum EIPs,https://eips.ethereum.org/EIPS/eip-7516
758,2023-09-26,XSDWETHpool,XSDWETHpool was exploited via reentrancy. Reported loss: ~$56.9BNB.,Contagion Era (2022-2023),Hack / Exploit,Floor,2023,~$56.9BNB,DeFiHackLabs,https://github.com/SunWeb3Sec/DeFiHackLabs
759,2023-10-03,ERC-7528: ETH (Native Asset) Address Convention,ERC-7528 (ETH (Native Asset) Address Convention) was proposed. Status: Final. The following standard proposes a convention for using the address 0xeeeeeeeeeeeeeeeeeeeeeeeeeeeeeeeeeeeeeeee in all contexts where an address is used to represent ETH in the same capacity as an ERC-20 token. This would apply to both events wh,Contagion Era (2022-2023),Standard (ERC) — Final,Floor,2023,,Ethereum ERCs,https://eips.ethereum.org/EIPS/eip-7528
760,2023-10-07,StarsArena,StarsArena was exploited via reentrancy. Reported loss: ~$3M.,Contagion Era (2022-2023),Hack / Exploit,Floor,2023,~$3M,DeFiHackLabs,https://github.com/SunWeb3Sec/DeFiHackLabs
761,2023-10-11,BH token,BH was exploited via price manipulation. Reported loss: ~$1.27M.,Contagion Era (2022-2023),Hack / Exploit,Floor,2023,~$1.27M,DeFiHackLabs,https://github.com/SunWeb3Sec/DeFiHackLabs
762,2023-10-12,ERC-7535: Native Asset ERC-4626 Tokenized Vault,ERC-7535 (Native Asset ERC-4626 Tokenized Vault) was proposed. Status: Final. This standard is an extension of the ERC-4626 spec with an identical interface and behavioral overrides for handling Ether or any native asset as the underlying.,Contagion Era (2022-2023),Standard (ERC) — Final,Floor,2023,,Ethereum ERCs,https://eips.ethereum.org/EIPS/eip-7535
763,2023-10-12,Platypus Finance,Platypus was exploited via business Logic Flaw. Reported loss: ~$2M.,Contagion Era (2022-2023),Hack / Exploit,Floor,2023,~$2M,DeFiHackLabs,https://github.com/SunWeb3Sec/DeFiHackLabs
764,2023-10-13,BelugaDex,BelugaDex was exploited via price manipulation. Reported loss: ~$175K.,Contagion Era (2022-2023),Hack / Exploit,Floor,2023,~$175K,DeFiHackLabs,https://github.com/SunWeb3Sec/DeFiHackLabs
765,2023-10-16,Bitcoin Core 25.1 released,"Bitcoin Core version 25.1 was tagged and released, part of the reference implementation's continuous development history.",Contagion Era (2022-2023),Client Release,Floor,2023,,Bitcoin Core,https://github.com/bitcoin/bitcoin/releases
766,2023-10-18,ERC-7540: Asynchronous ERC-4626 Tokenized Vaults,ERC-7540 (Asynchronous ERC-4626 Tokenized Vaults) was proposed. Status: Final. The following standard extends ERC-4626 by adding support for asynchronous deposit and redemption flows. The async flows are called Requests.,Contagion Era (2022-2023),Standard (ERC) — Final,Floor,2023,,Ethereum ERCs,https://eips.ethereum.org/EIPS/eip-7540
767,2023-10-18,Hopelend,Hopelend was exploited via div Precision Loss. Reported loss: ~$825K.,Contagion Era (2022-2023),Hack / Exploit,Floor,2023,~$825K,DeFiHackLabs,https://github.com/SunWeb3Sec/DeFiHackLabs
768,2023-10-23,Bitcoin Core 24.2 released,"Bitcoin Core version 24.2 was tagged and released, part of the reference implementation's continuous development history.",Contagion Era (2022-2023),Client Release,Floor,2023,,Bitcoin Core,https://github.com/bitcoin/bitcoin/releases
769,2023-10-31,Celestia TIA airdrop,Celestia launched its modular data-availability network with an airdrop to Cosmos and Ethereum users that appreciated sharply in the following months.,Contagion Era (2022-2023),Milestone,Mid,2023,,Editorial research,https://blog.celestia.org/genesis-drop/
770,2023-11-01,EIP-7549: Move committee index outside Attestation,EIP-7549 (Move committee index outside Attestation) was proposed. Status: Final. Move the committee's index field outside of the signed Attestation message to allow aggregation of equal consensus votes.,Contagion Era (2022-2023),Standard (EIP) — Final,Floor,2023,,Ethereum EIPs,https://eips.ethereum.org/EIPS/eip-7549
771,2023-11-01,OnyxProtocol,OnyxProtocol was exploited via precission Loss Vulnerability. Reported loss: ~$2M.,Contagion Era (2022-2023),Hack / Exploit,Floor,2023,~$2M,DeFiHackLabs,https://github.com/SunWeb3Sec/DeFiHackLabs
772,2023-11-01,SEC charges SafeMoon,"The SEC and DOJ charged SafeMoon's executives with fraud, alleging they drained a supposedly locked liquidity pool after a token that had drawn millions of retail holders.",Contagion Era (2022-2023),Regulatory,Mid,2023,,Editorial research,https://www.legal500.com/intelligence/united-states/criminal-law/safemoon-the-fbi-is-seeking-victims
773,2023-11-02,SBF convicted on all counts,A jury convicted Sam Bankman-Fried on seven counts after a five-week trial; he was later sentenced to 25 years.,Contagion Era (2022-2023),Regulatory,Mid,2023,,Editorial research,
774,2023-11-06,The Standard Protocol,TheStandardio was exploited via lack of slippage protection. Reported loss: ~$290K.,Contagion Era (2022-2023),Hack / Exploit,Floor,2023,~$290K,DeFiHackLabs,https://github.com/SunWeb3Sec/DeFiHackLabs
775,2023-11-06,TrustPad,TrustPad was exploited via lack of msg.sender address verification. Reported loss: ~$155K.,Contagion Era (2022-2023),Hack / Exploit,Floor,2023,~$155K,DeFiHackLabs,https://github.com/SunWeb3Sec/DeFiHackLabs
776,2023-11-07,MEVbot(0x05f01),MEVbot was exploited via lack of access control. Reported loss: ~$2M.,Contagion Era (2022-2023),Hack / Exploit,Floor,2023,~$2M,DeFiHackLabs,https://github.com/SunWeb3Sec/DeFiHackLabs
777,2023-11-10,Raftfi,Raftfi was exploited via donate Inflation ExchangeRate & Rounding Error. Reported loss: ~$3.2 M.,Contagion Era (2022-2023),Hack / Exploit,Floor,2023,~$3.2 M,DeFiHackLabs,https://github.com/SunWeb3Sec/DeFiHackLabs
778,2023-11-12,MEVBot0x8c2d,MEVBot0x8c2d was exploited via lack of Access Control. Reported loss: ~$365K.,Contagion Era (2022-2023),Hack / Exploit,Floor,2023,~$365K,DeFiHackLabs,https://github.com/SunWeb3Sec/DeFiHackLabs
779,2023-11-20,dogwifhat launches,"WIF launched on Solana and ran from cents to several dollars, becoming the flagship Solana memecoin of the cycle.",Contagion Era (2022-2023),Launch,Mid,2023,,Editorial research,
780,2023-11-21,Binance settles with DOJ for $4.3B,"Binance pleaded guilty to money laundering violations and CZ stepped down as CEO, accepting a $4.3 billion penalty.",Contagion Era (2022-2023),Regulatory,Mid,2023,,Editorial research,
781,2023-11-22,KyberSwap,KyberSwap was exploited via precision loss. Reported loss: ~$48M.,Contagion Era (2022-2023),Hack / Exploit,Floor,2023,~$48M,DeFiHackLabs,https://github.com/SunWeb3Sec/DeFiHackLabs
782,2023-12-01,EIP-7568: Hardfork Meta Backfill - Berlin to Shapella,"EIP-7568 (Hardfork Meta Backfill - Berlin to Shapella) was proposed. Status: Final. Following Muir Glacier hard fork, Meta EIPs were abandoned in favor of other ways to track changes included in Ethereum network upgrades. This EIP aggregates the specifications for these upgrades, which themselves list the specific changes included. Specifical",Contagion Era (2022-2023),Standard (EIP) — Final,Floor,2023,,Ethereum EIPs,https://eips.ethereum.org/EIPS/eip-7568
783,2023-12-01,EIP-7569: Hardfork Meta - Dencun,EIP-7569 (Hardfork Meta - Dencun) was proposed. Status: Final. This Meta EIP lists the EIPs included in the Dencun network upgrade across both Ethereum's execution and consensus layers. See EIP-7568 for the specifications of past upgrades.,Contagion Era (2022-2023),Standard (EIP) — Final,Floor,2023,,Ethereum EIPs,https://eips.ethereum.org/EIPS/eip-7569
784,2023-12-02,bZxProtocol,bZxProtocol was exploited via inflation Attack. Reported loss: ~$208k.,Contagion Era (2022-2023),Hack / Exploit,Floor,2023,~$208k,DeFiHackLabs,https://github.com/SunWeb3Sec/DeFiHackLabs
785,2023-12-04,Bitcoin Core 26.0 released,"Bitcoin Core version 26.0 was tagged and released, part of the reference implementation's continuous development history.",Contagion Era (2022-2023),Client Release,Floor,2023,,Bitcoin Core,https://github.com/bitcoin/bitcoin/releases
786,2023-12-05,BEARNDAO,BEARNDAO was exploited via business Logic Flaw. Reported loss: ~$769k.,Contagion Era (2022-2023),Hack / Exploit,Floor,2023,~$769k,DeFiHackLabs,https://github.com/SunWeb3Sec/DeFiHackLabs
787,2023-12-06,ElephantStatus,ElephantStatus was exploited via price Manipulation. Reported loss: ~$165k.,Contagion Era (2022-2023),Hack / Exploit,Floor,2023,~$165k,DeFiHackLabs,https://github.com/SunWeb3Sec/DeFiHackLabs
788,2023-12-07,Jito JTO airdrop,Jito's airdrop to Solana stakers and MEV users delivered large claims and marked Solana's post-FTX recovery.,Contagion Era (2022-2023),Milestone,Mid,2023,,Editorial research,https://blockworks.com/news/jto-airdrop-market-reaction
789,2023-12-11,ERC-7575: Multi-Asset ERC-4626 Vaults,ERC-7575 (Multi-Asset ERC-4626 Vaults) was proposed. Status: Final. The following standard adapts ERC-4626 to support multiple assets or entry points for the same share token. This also enables Vaults which don't have a true share token but rather convert between two arbitrary external tokens.,Contagion Era (2022-2023),Standard (ERC) — Final,Floor,2023,,Ethereum ERCs,https://eips.ethereum.org/EIPS/eip-7575
790,2023-12-11,GoodCompound,GoodCompound was exploited via price Manipulation. Reported loss: ~$13K (~250 COMP Token).,Contagion Era (2022-2023),Hack / Exploit,Floor,2023,~$13K (~250 COMP Token),DeFiHackLabs,https://github.com/SunWeb3Sec/DeFiHackLabs
791,2023-12-13,HYPR Brigde,HYPR was exploited via business Logic Flaw. Reported loss: ~$200k.,Contagion Era (2022-2023),Hack / Exploit,Floor,2023,~$200k,DeFiHackLabs,https://github.com/SunWeb3Sec/DeFiHackLabs
792,2023-12-16,GoodDollar,GoodDollar was exploited via lack of Input Validation & Reentrancy. Reported loss: ~$2M.,Contagion Era (2022-2023),Hack / Exploit,Floor,2023,~$2M,DeFiHackLabs,https://github.com/SunWeb3Sec/DeFiHackLabs
793,2023-12-16,NFTTrader,NFTTrader was exploited via reentrancy. Reported loss: ~$3M.,Contagion Era (2022-2023),Hack / Exploit,Floor,2023,~$3M,DeFiHackLabs,https://github.com/SunWeb3Sec/DeFiHackLabs
794,2023-12-17,FloorProtocol,"FloorProtocol was exploited via business Logic Flaw. Reported loss: ~$1,6M.",Contagion Era (2022-2023),Hack / Exploit,Floor,2023,"~$1,6M",DeFiHackLabs,https://github.com/SunWeb3Sec/DeFiHackLabs
795,2023-12-21,EIP-7587: Reserve Precompile Address Range for RIPs,EIP-7587 (Reserve Precompile Address Range for RIPs) was proposed. Status: Final. This EIP reserves precompile ranges to ensure there are no conflicts with those used by the Rollup Improvement Proposal (RIP) process.,Contagion Era (2022-2023),Standard (EIP) — Final,Floor,2023,,Ethereum EIPs,https://eips.ethereum.org/EIPS/eip-7587
796,2023-12-21,TransitFinance,TransitFinance was exploited via lack of Validation Pool. Reported loss: ~110k.,Contagion Era (2022-2023),Hack / Exploit,Floor,2023,~110k,DeFiHackLabs,https://github.com/SunWeb3Sec/DeFiHackLabs
797,2023-12-25,Telcoin,"Telcoin was exploited via storage Collision. Reported loss: ~1,24M.",Contagion Era (2022-2023),Hack / Exploit,Floor,2023,"~1,24M",DeFiHackLabs,https://github.com/SunWeb3Sec/DeFiHackLabs
798,2023-12-30,ChannelsFinance,ChannelsFinance was exploited via compoundV2 Inflation Attack. Reported loss: ~320K.,Contagion Era (2022-2023),Hack / Exploit,Floor,2023,~320K,DeFiHackLabs,https://github.com/SunWeb3Sec/DeFiHackLabs
799,2024-01-01,ERC-7588: Blob Transactions Metadata JSON Schema,"ERC-7588 (Blob Transactions Metadata JSON Schema) was proposed. Status: Final. This EIP introduces a standard for attaching metadata to blobs carried by blob transactions, as outlined in EIP-4844. The metadata is represented as a JSON object adhering to a predefined schema, and its string representation is placed in the",Institutional Era (2024-2026),Standard (ERC) — Final,Floor,2024,,Ethereum ERCs,https://eips.ethereum.org/EIPS/eip-7588
800,2024-01-01,OrbitChain,OrbitChain was exploited via incorrect input validation. Reported loss: ~81M.,Institutional Era (2024-2026),Hack / Exploit,Floor,2024,~81M,DeFiHackLabs,https://github.com/SunWeb3Sec/DeFiHackLabs
801,2024-01-02,MIC,MIC was exploited via business Logic Flaw. Reported loss: ~500K.,Institutional Era (2024-2026),Hack / Exploit,Floor,2024,~500K,DeFiHackLabs,https://github.com/SunWeb3Sec/DeFiHackLabs
802,2024-01-02,RadiantCapital,"RadiantCapital was exploited via loss of Precision. Reported loss: ~4,5M.",Institutional Era (2024-2026),Hack / Exploit,Floor,2024,"~4,5M",DeFiHackLabs,https://github.com/SunWeb3Sec/DeFiHackLabs
803,2024-01-04,ERC-7858: Expirable NFTs and SBTs,"ERC-7858 (Expirable NFTs and SBTs) was proposed. Status: Final. Introduces an extension for ERC-721 Non-Fungible Tokens (NFTs) and Soulbound Tokens (SBTs) that adds an expiration mechanism, allowing tokens to become invalid after a predefined period. This additional layer of functionality ensures that the e",Institutional Era (2024-2026),Standard (ERC) — Final,Floor,2024,,Ethereum ERCs,https://eips.ethereum.org/EIPS/eip-7858
804,2024-01-04,Gamma,Gamma was exploited via price manipulation. Reported loss: ~6.3M.,Institutional Era (2024-2026),Hack / Exploit,Floor,2024,~6.3M,DeFiHackLabs,https://github.com/SunWeb3Sec/DeFiHackLabs
805,2024-01-05,NodeMonkes peaks after public sale,"After a Dutch auction at 0.03 BTC, NodeMonkes average prices peaked around 0.32 BTC with roughly 594 BTC (~$26.8M) of volume in its first week.",Institutional Era (2024-2026),Milestone,Mid,2024,,Editorial research,https://members.delphidigital.io/reports/a-frenzy-over-bitcoin-ordinals-runes
806,2024-01-10,Spot Bitcoin ETFs approved,"The SEC approved eleven spot Bitcoin ETFs, ending an eleven-year rejection streak and opening the largest institutional access channel in crypto's history.",Institutional Era (2024-2026),Regulatory,GRAIL,2024,,Editorial research,https://www.sec.gov/newsroom/speeches-statements/gensler-statement-spot-bitcoin-011023
807,2024-01-12,EIP-7594: PeerDAS - Peer Data Availability Sampling,EIP-7594 (PeerDAS - Peer Data Availability Sampling) was proposed. Status: Final. PeerDAS (Peer Data Availability Sampling) is a networking protocol that allows nodes to perform data availability sampling (DAS) to ensure that blob data has been made available while downloading only a subset of the data. PeerDAS utilizes gossip for distribut,Institutional Era (2024-2026),Standard (EIP) — Final,Floor,2024,,Ethereum EIPs,https://eips.ethereum.org/EIPS/eip-7594
808,2024-01-12,WiseLending,WiseLending was exploited via bad HealthFactor Check. Reported loss: ~464K.,Institutional Era (2024-2026),Hack / Exploit,Floor,2024,~464K,DeFiHackLabs,https://github.com/SunWeb3Sec/DeFiHackLabs
809,2024-01-18,EIP-7600: Hardfork Meta - Pectra,"EIP-7600 (Hardfork Meta - Pectra) was proposed. Status: Final. This Meta EIP lists the EIPs Included in the Prague/Electra network upgrade. It follows the Dencun upgrade, documented in EIP-7569.",Institutional Era (2024-2026),Standard (EIP) — Final,Floor,2024,,Ethereum EIPs,https://eips.ethereum.org/EIPS/eip-7600
810,2024-01-22,DAOSoulMate,DAOSoulMate was exploited via incorrect Access Control. Reported loss: ~319K.,Institutional Era (2024-2026),Hack / Exploit,Floor,2024,~319K,DeFiHackLabs,https://github.com/SunWeb3Sec/DeFiHackLabs
811,2024-01-25,Nebula Revelation,NBLGAME was exploited via reentrancy. Reported loss: ~180K.,Institutional Era (2024-2026),Hack / Exploit,Floor,2024,~180K,DeFiHackLabs,https://github.com/SunWeb3Sec/DeFiHackLabs
812,2024-01-29,BarleyFinance,BarleyFinance was exploited via reentrancy. Reported loss: ~130K.,Institutional Era (2024-2026),Hack / Exploit,Floor,2024,~130K,DeFiHackLabs,https://github.com/SunWeb3Sec/DeFiHackLabs
813,2024-01-30,MIMSpell,"MIMSpell was exploited via precission Loss. Reported loss: ~6,5M.",Institutional Era (2024-2026),Hack / Exploit,Floor,2024,"~6,5M",DeFiHackLabs,https://github.com/SunWeb3Sec/DeFiHackLabs
814,2024-01-31,Jupiter JUP airdrop,"Jupiter distributed JUP to roughly 955,000 Solana wallets in one of the largest airdrops by recipient count.",Institutional Era (2024-2026),Milestone,Mid,2024,,Editorial research,
815,2024-02-01,EIP-7607: Hardfork Meta - Fusaka,"EIP-7607 (Hardfork Meta - Fusaka) was proposed. Status: Final. This Meta EIP lists the EIPs included in the Fulu/Osaka network upgrade. It follows the Pectra upgrade, documented in EIP-7600.",Institutional Era (2024-2026),Standard (EIP) — Final,Floor,2024,,Ethereum EIPs,https://eips.ethereum.org/EIPS/eip-7607
816,2024-02-10,FEILX DN404,FILX DN404 was exploited via access Control. Reported loss: 200K.,Institutional Era (2024-2026),Hack / Exploit,Floor,2024,200K,DeFiHackLabs,https://github.com/SunWeb3Sec/DeFiHackLabs
817,2024-02-13,EIP-7623: Increase calldata cost,"EIP-7623 (Increase calldata cost) was proposed. Status: Final. The current calldata pricing permits EL payloads of up to 7.15 MB, while the average size is much smaller at around 100 KB. This EIP proposes adjusting the calldata cost to reduce the maximum possible block size and its variance without negatively impacting re",Institutional Era (2024-2026),Standard (EIP) — Final,Floor,2024,,Ethereum EIPs,https://eips.ethereum.org/EIPS/eip-7623
818,2024-02-15,Miner,Miner was exploited via lack of validation dst address. Reported loss: ~150k.,Institutional Era (2024-2026),Hack / Exploit,Floor,2024,~150k,DeFiHackLabs,https://github.com/SunWeb3Sec/DeFiHackLabs
819,2024-02-19,ERC-7627: Secure Messaging Protocol,ERC-7627 (Secure Messaging Protocol) was proposed. Status: Final. This proposal implements the capability to securely exchange encrypted messages on-chain. Users can register their public keys and encryption algorithms by registration and subsequently send encrypted messages to other users using their addresses. The interfac,Institutional Era (2024-2026),Standard (ERC) — Final,Floor,2024,,Ethereum ERCs,https://eips.ethereum.org/EIPS/eip-7627
820,2024-02-21,DeezNutz 404,DeezNutz 404 was exploited via lack of validation. Reported loss: ~170k.,Institutional Era (2024-2026),Hack / Exploit,Floor,2024,~170k,DeFiHackLabs,https://github.com/SunWeb3Sec/DeFiHackLabs
821,2024-02-21,ERC-7631: Dual Nature Token Pair,"ERC-7631 (Dual Nature Token Pair) was proposed. Status: Final. A fungible ERC-20 token contract and non-fungible ERC-721 token contract can be interlinked, allowing actions performed on one contract to be reflected on the other. This proposal defines how the relationship between the two toke",Institutional Era (2024-2026),Standard (ERC) — Final,Floor,2024,,Ethereum ERCs,https://eips.ethereum.org/EIPS/eip-7631
822,2024-02-22,ERC-7634: Limited Transfer Count NFT,"ERC-7634 (Limited Transfer Count NFT) was proposed. Status: Final. This standard extends ERC-721 with a mechanism that lets token owners/minters cap how many times a specific token can be transferred. It specifies functions to set and read a per-token transfer limit, to query a per-token transfer count, and de",Institutional Era (2024-2026),Standard (ERC) — Final,Floor,2024,,Ethereum ERCs,https://eips.ethereum.org/EIPS/eip-7634
823,2024-02-28,Seneca,Seneca was exploited via arbitrary External Call Vulnerability. Reported loss: ~6M.,Institutional Era (2024-2026),Hack / Exploit,Floor,2024,~6M,DeFiHackLabs,https://github.com/SunWeb3Sec/DeFiHackLabs
824,2024-02-29,EIP-7642: eth/69 - history expiry and simpler receipts,"EIP-7642 (eth/69 - history expiry and simpler receipts) was proposed. Status: Final. This EIP modifies the 'eth' p2p protocol to announce the historical block range served by the node. We also simplify the handshake to remove total difficulty information, which isn't used anymore after the merge. Additionally we propose to remove the Bloom f",Institutional Era (2024-2026),Standard (EIP) — Final,Floor,2024,,Ethereum EIPs,https://eips.ethereum.org/EIPS/eip-7642
825,2024-03-01,NodeMonke sells for over $1M,"A NodeMonke combining an Alien body with a hoodie sold for more than $1 million in BTC, the collection's highest sale.",Institutional Era (2024-2026),Milestone,Mid,2024,,Editorial research,https://www.bitget.com/en-CA/news/detail/12560604042232
826,2024-03-05,Woofi,Woofi was exploited via price Manipulation. Reported loss: ~8M.,Institutional Era (2024-2026),Hack / Exploit,Floor,2024,~8M,DeFiHackLabs,https://github.com/SunWeb3Sec/DeFiHackLabs
827,2024-03-06,TGBS,TGBS was exploited via business Logic Flaw. Reported loss: ~150K.,Institutional Era (2024-2026),Hack / Exploit,Floor,2024,~150K,DeFiHackLabs,https://github.com/SunWeb3Sec/DeFiHackLabs
828,2024-03-09,UnizenIO,UnizenIO was exploited via unverified external call. Reported loss: ~2M.,Institutional Era (2024-2026),Hack / Exploit,Floor,2024,~2M,DeFiHackLabs,https://github.com/SunWeb3Sec/DeFiHackLabs
829,2024-03-13,Dencun and proto-danksharding,"EIP-4844 introduced blob transactions, cutting L2 data costs by more than 90% overnight.",Institutional Era (2024-2026),Network Upgrade,Chase,2024,,Editorial research,
830,2024-03-14,MO token,MO was exploited via business logic flaw. Reported loss: ~413k USDT.,Institutional Era (2024-2026),Hack / Exploit,Floor,2024,~413k USDT,DeFiHackLabs,https://github.com/SunWeb3Sec/DeFiHackLabs
831,2024-03-14,Runestone airdrop — largest in Ordinals history,"Leonidas airdropped Runestone inscriptions to 112,383 wallets holding three or more non-text inscriptions at block 826,600. The grandparent inscription — the largest file ever put on Bitcoin — was auctioned for 8 BTC to cover network fees.",Institutional Era (2024-2026),Milestone,Mid,2024,,Editorial research,https://app.leather.io/posts/guide-to-ordinal-collections-what-are-runestones
832,2024-03-15,ERC-7656: Generalized Contract-Linked Services,"ERC-7656 (Generalized Contract-Linked Services) was proposed. Status: Final. This proposal defines a factory capable of deploying generic services linked to specific contracts, such as ERC-4337 accounts or ERC-721 tokens (NFTs). These linked services extend the functionalities of the target contract, op",Institutional Era (2024-2026),Standard (ERC) — Final,Floor,2024,,Ethereum ERCs,https://eips.ethereum.org/EIPS/eip-7656
833,2024-03-21,Super Sushi Samurai(SSS),SSS was exploited via token Balance Doubles on Transfer to self. Reported loss: $4.8M.,Institutional Era (2024-2026),Hack / Exploit,Floor,2024,$4.8M,DeFiHackLabs,https://github.com/SunWeb3Sec/DeFiHackLabs
834,2024-03-23,Curio Governance Token(CGT),CGT was exploited via incorrect Access Control. Reported loss: 996B (CGT token).,Institutional Era (2024-2026),Hack / Exploit,Floor,2024,996B (CGT token),DeFiHackLabs,https://github.com/SunWeb3Sec/DeFiHackLabs
835,2024-03-25,Bitcoin Core 26.1 released,"Bitcoin Core version 26.1 was tagged and released, part of the reference implementation's continuous development history.",Institutional Era (2024-2026),Client Release,Floor,2024,,Bitcoin Core,https://github.com/bitcoin/bitcoin/releases
836,2024-03-25,ZongZi,ZongZi was exploited via price Manipulation. Reported loss: ~223K.,Institutional Era (2024-2026),Hack / Exploit,Floor,2024,~223K,DeFiHackLabs,https://github.com/SunWeb3Sec/DeFiHackLabs
837,2024-03-28,PrismaFi,PrismaFi was exploited via insufficient Validation. Reported loss: $~11M.,Institutional Era (2024-2026),Hack / Exploit,Floor,2024,$~11M,DeFiHackLabs,https://github.com/SunWeb3Sec/DeFiHackLabs
838,2024-03-28,SBF sentenced to 25 years,Sam Bankman-Fried received a 25-year sentence and an $11 billion forfeiture order.,Institutional Era (2024-2026),Regulatory,Mid,2024,,Editorial research,
839,2024-03-29,LavaLending,LavaLending was exploited via business Logic Flaw. Reported loss: ~340K.,Institutional Era (2024-2026),Hack / Exploit,Floor,2024,~340K,DeFiHackLabs,https://github.com/SunWeb3Sec/DeFiHackLabs
840,2024-04-01,ATM token,ATM was exploited via business logic flaw. Reported loss: $~182K USD.,Institutional Era (2024-2026),Hack / Exploit,Floor,2024,$~182K USD,DeFiHackLabs,https://github.com/SunWeb3Sec/DeFiHackLabs
841,2024-04-01,OpenLeverage,OpenLeverage was exploited via business logic flaw. Reported loss: ~234K.,Institutional Era (2024-2026),Hack / Exploit,Floor,2024,~234K,DeFiHackLabs,https://github.com/SunWeb3Sec/DeFiHackLabs
842,2024-04-03,Wormhole W airdrop,Wormhole airdropped W across multiple chains at a multi-billion-dollar valuation on day one.,Institutional Era (2024-2026),Milestone,Mid,2024,,Editorial research,
843,2024-04-04,Bitcoin Core 25.2 released,"Bitcoin Core version 25.2 was tagged and released, part of the reference implementation's continuous development history.",Institutional Era (2024-2026),Client Release,Floor,2024,,Bitcoin Core,https://github.com/bitcoin/bitcoin/releases
844,2024-04-12,SumerMoney,SumerMoney was exploited via reentrancy. Reported loss: 350K.,Institutional Era (2024-2026),Hack / Exploit,Floor,2024,350K,DeFiHackLabs,https://github.com/SunWeb3Sec/DeFiHackLabs
845,2024-04-14,EIP-7685: General purpose execution layer requests,"EIP-7685 (General purpose execution layer requests) was proposed. Status: Final. This proposal defines a general purpose framework for storing contract-triggered requests. It extends the execution header with a single field to store the request information. Requests are later on exposed to the consensus layer, which then processes each one",Institutional Era (2024-2026),Standard (EIP) — Final,Floor,2024,,Ethereum EIPs,https://eips.ethereum.org/EIPS/eip-7685
846,2024-04-15,Bitcoin Core 27.0 released,"Bitcoin Core version 27.0 was tagged and released, part of the reference implementation's continuous development history.",Institutional Era (2024-2026),Client Release,Floor,2024,,Bitcoin Core,https://bitcoin.org/en/releases/27.0/
847,2024-04-15,ChaingeFinance,ChaingeFinance was exploited via arbitrary External Call. Reported loss: ~560K.,Institutional Era (2024-2026),Hack / Exploit,Floor,2024,~560K,DeFiHackLabs,https://github.com/SunWeb3Sec/DeFiHackLabs
848,2024-04-17,BIP-387: Tapscript Multisig Output Script Descriptors,"BIP-387 (Tapscript Multisig Output Script Descriptors) was proposed. Status: Deployed. This document specifies multia() and sortedmultia() output script descriptors. Like BIP 383's multi() and sortedmulti(), both functions take a threshold and one or more public keys and produce a multisig script. The primar",Institutional Era (2024-2026),Standard (BIP) — Deployed,Floor,2024,,Bitcoin BIPs,https://github.com/bitcoin/bips/blob/master/bip-0387.mediawiki
849,2024-04-17,EIP-7691: Blob throughput increase,EIP-7691 (Blob throughput increase) was proposed. Status: Final. Increases the number of blobs in a block to provide more scale to Ethereum via L2 solution that rely on L1 data capacity.,Institutional Era (2024-2026),Standard (EIP) — Final,Floor,2024,,Ethereum EIPs,https://eips.ethereum.org/EIPS/eip-7691
850,2024-04-19,HedgeyFinance,HedgeyFinance was exploited via logic Flaw. Reported loss: 48M USD.,Institutional Era (2024-2026),Hack / Exploit,Floor,2024,48M USD,DeFiHackLabs,https://github.com/SunWeb3Sec/DeFiHackLabs
851,2024-04-20,Fourth Bitcoin halving,"At block 840,000 the subsidy fell to 3.125 BTC, coinciding with the Runes protocol launch and record fee revenue.",Institutional Era (2024-2026),Network Upgrade,Chase,2024,,Editorial research,
852,2024-04-20,Runes protocol launches at the halving,"Casey Rodarmor's Runes went live at block 840,000, a fungible token standard native to Bitcoin's UTXO model and a cleaner alternative to BRC-20.",Institutional Era (2024-2026),Launch,Mid,2024,,Editorial research,https://crypto.ro/en/news/runes-protocol-launches-on-okx-and-unisat/
853,2024-04-20,UniSat and OKX open Runes marketplaces,"UniSat and OKX both shipped Runes trading at launch. Runes briefly overtook ordinary BTC transfers in fee share, and on 8 May total fees per block exceeded the block subsidy for the first time since 2017.",Institutional Era (2024-2026),Launch,Mid,2024,,Editorial research,https://x.com/unisat_wallet/status/1779518911895208053
854,2024-04-22,Z123 token,Z123 was exploited via price manipulation. Reported loss: 136k USD.,Institutional Era (2024-2026),Hack / Exploit,Floor,2024,136k USD,DeFiHackLabs,https://github.com/SunWeb3Sec/DeFiHackLabs
855,2024-04-24,XBridge,"XBridge was exploited via logic Flaw. Reported loss: >200k USD(plus a lot of STC, SRLTY, Mazi tokens).",Institutional Era (2024-2026),Hack / Exploit,Floor,2024,">200k USD(plus a lot of STC, SRLTY, Mazi tokens)",DeFiHackLabs,https://github.com/SunWeb3Sec/DeFiHackLabs
856,2024-04-24,YIEDL,YIEDL was exploited via input Validation. Reported loss: 150k USD.,Institutional Era (2024-2026),Hack / Exploit,Floor,2024,150k USD,DeFiHackLabs,https://github.com/SunWeb3Sec/DeFiHackLabs
857,2024-04-25,NGFS token,NGFS was exploited via bad Access Control. Reported loss: ~190K.,Institutional Era (2024-2026),Hack / Exploit,Floor,2024,~190K,DeFiHackLabs,https://github.com/SunWeb3Sec/DeFiHackLabs
858,2024-04-30,PikeFinance,PikeFinance was exploited via uninitialized Proxy. Reported loss: 1.4M.,Institutional Era (2024-2026),Hack / Exploit,Floor,2024,1.4M,DeFiHackLabs,https://github.com/SunWeb3Sec/DeFiHackLabs
859,2024-04-30,Yield,Yield was exploited via business Logic Flaw. Reported loss: 181K.,Institutional Era (2024-2026),Hack / Exploit,Floor,2024,181K,DeFiHackLabs,https://github.com/SunWeb3Sec/DeFiHackLabs
860,2024-05-01,Judge sanctions SEC over Debt Box,"A federal judge sanctioned the SEC for bad-faith conduct in the Debt Box case, a significant embarrassment during its crypto enforcement campaign.",Institutional Era (2024-2026),Regulatory,Mid,2024,,Editorial research,verified
861,2024-05-06,OSN token,OSN was exploited via reward Distribution Problem. Reported loss: ~109K USD.,Institutional Era (2024-2026),Hack / Exploit,Floor,2024,~109K USD,DeFiHackLabs,https://github.com/SunWeb3Sec/DeFiHackLabs
862,2024-05-07,EIP-7702: Set Code for EOAs,"EIP-7702 (Set Code for EOAs) was proposed. Status: Final. Add a new EIP-2718 transaction type that allows Externally Owned Accounts (EOAs) to set the code in their account. This is done by attaching a list of authorization tuples -- individually formatted as [chainid, address, nonce, yparity, r, s",Institutional Era (2024-2026),Standard (EIP) — Final,Floor,2024,,Ethereum EIPs,https://eips.ethereum.org/EIPS/eip-7702
863,2024-05-10,Galaxy Fox (GFOX),GFOX was exploited via lack of access control. Reported loss: 330K USD.,Institutional Era (2024-2026),Hack / Exploit,Floor,2024,330K USD,DeFiHackLabs,https://github.com/SunWeb3Sec/DeFiHackLabs
864,2024-05-10,TSURU,TSURU was exploited via insufficient Validation. Reported loss: 140K.,Institutional Era (2024-2026),Hack / Exploit,Floor,2024,140K,DeFiHackLabs,https://github.com/SunWeb3Sec/DeFiHackLabs
865,2024-05-14,PredyFinance,PredyFinance was exploited via reentrancy. Reported loss: $464K.,Institutional Era (2024-2026),Hack / Exploit,Floor,2024,$464K,DeFiHackLabs,https://github.com/SunWeb3Sec/DeFiHackLabs
866,2024-05-14,Sonne Finance,Sonne Finance was exploited via precision loss. Reported loss: $20M.,Institutional Era (2024-2026),Hack / Exploit,Floor,2024,$20M,DeFiHackLabs,https://github.com/SunWeb3Sec/DeFiHackLabs
867,2024-05-23,SEC approves Ethereum ETF filings,"The SEC approved 19b-4 filings for spot Ethereum ETFs, reversing its position on ETH as a commodity product.",Institutional Era (2024-2026),Regulatory,Mid,2024,,Editorial research,
868,2024-05-26,NORMIE token,NORMIE was exploited via business Logic Flaw. Reported loss: $490K.,Institutional Era (2024-2026),Hack / Exploit,Floor,2024,$490K,DeFiHackLabs,https://github.com/SunWeb3Sec/DeFiHackLabs
869,2024-05-27,BIP-94: Testnet 4,"BIP-94 (Testnet 4) was proposed. Status: Deployed. A new test network with the goal to replace Testnet 3. This network comes with small but important improvements of the consensus rules, that should make it impractical to attack the network using only CPU mining.",Institutional Era (2024-2026),Standard (BIP) — Deployed,Floor,2024,,Bitcoin BIPs,https://github.com/bitcoin/bips/blob/master/bip-0094.mediawiki
870,2024-05-28,Orion Protocol,Tradeonorion was exploited via business Logic Flaw. Reported loss: ~645K.,Institutional Era (2024-2026),Hack / Exploit,Floor,2024,~645K,DeFiHackLabs,https://github.com/SunWeb3Sec/DeFiHackLabs
871,2024-05-29,MetaDragon,MetaDragon was exploited via lack of Access Control. Reported loss: ~ $180k.,Institutional Era (2024-2026),Hack / Exploit,Floor,2024,~ $180k,DeFiHackLabs,https://github.com/SunWeb3Sec/DeFiHackLabs
872,2024-06-02,VeloCore,VeloCore was exploited via lack-of-access-control. Reported loss: $6.88M.,Institutional Era (2024-2026),Hack / Exploit,Floor,2024,$6.88M,DeFiHackLabs,https://github.com/SunWeb3Sec/DeFiHackLabs
873,2024-06-10,Bazaar,Bazaar was exploited via insufficient Permission Check. Reported loss: 1.4M.,Institutional Era (2024-2026),Hack / Exploit,Floor,2024,1.4M,DeFiHackLabs,https://github.com/SunWeb3Sec/DeFiHackLabs
874,2024-06-10,UwULend protocol,UwULend was exploited via price Manipulation. Reported loss: 19.3M.,Institutional Era (2024-2026),Hack / Exploit,Floor,2024,19.3M,DeFiHackLabs,https://github.com/SunWeb3Sec/DeFiHackLabs
875,2024-06-17,Bitcoin Core 27.1 released,"Bitcoin Core version 27.1 was tagged and released, part of the reference implementation's continuous development history.",Institutional Era (2024-2026),Client Release,Floor,2024,,Bitcoin Core,https://bitcoin.org/en/releases/27.1/
876,2024-06-26,ERC-7734: Decentralized Identity Verification (DID),"ERC-7734 (Decentralized Identity Verification (DID)) was proposed. Status: Final. This proposal introduces a standard for decentralized identity verification (DID) on the blockchain. The standard leverages cryptographic hashes to represent identity proofs and events for transparency and traceability. By emphasizing simplicity, privacy, and",Institutional Era (2024-2026),Standard (ERC) — Final,Floor,2024,,Ethereum ERCs,https://eips.ethereum.org/EIPS/eip-7734
877,2024-07-03,Bitcoin Core 26.2 released,"Bitcoin Core version 26.2 was tagged and released, part of the reference implementation's continuous development history.",Institutional Era (2024-2026),Client Release,Floor,2024,,Bitcoin Core,https://github.com/bitcoin/bitcoin/releases
878,2024-07-05,DeFiPlaza,DeFiPlaza was exploited via loss of precision. Reported loss: ~200K USD.,Institutional Era (2024-2026),Hack / Exploit,Floor,2024,~200K USD,DeFiHackLabs,https://github.com/SunWeb3Sec/DeFiHackLabs
879,2024-07-12,DoughFina,DoughFina was exploited via incorrect input validation. Reported loss: ~1.8M USD.,Institutional Era (2024-2026),Hack / Exploit,Floor,2024,~1.8M USD,DeFiHackLabs,https://github.com/SunWeb3Sec/DeFiHackLabs
880,2024-07-13,ERC-7743: Multi-Owner Non-Fungible Tokens (MO-NFT),"ERC-7743 (Multi-Owner Non-Fungible Tokens (MO-NFT)) was proposed. Status: Final. This ERC proposes a new standard for non-fungible tokens (NFTs) that supports multiple owners. The MO-NFT standard allows a single NFT to have multiple owners, reflecting the shared and distributable nature of digital assets. This model incorporates mechanisms",Institutional Era (2024-2026),Standard (ERC) — Final,Floor,2024,,Ethereum ERCs,https://eips.ethereum.org/EIPS/eip-7743
881,2024-07-16,Lifiprotocol,Lifiprotocol was exploited via incorrect input validation. Reported loss: ~10M USD.,Institutional Era (2024-2026),Hack / Exploit,Floor,2024,~10M USD,DeFiHackLabs,https://github.com/SunWeb3Sec/DeFiHackLabs
882,2024-07-23,Spot Ethereum ETFs begin trading,"US spot ETH ETFs started trading, extending regulated access beyond Bitcoin.",Institutional Era (2024-2026),Milestone,Mid,2024,,Editorial research,
883,2024-07-27,Trump speaks at Bitcoin 2024 in Nashville,"Trump promised to fire Gary Gensler, create a strategic Bitcoin reserve and make the US the crypto capital of the world — the first time a major nominee courted the industry directly.",Institutional Era (2024-2026),Regulatory,Mid,2024,,Editorial research,https://apnews.com/article/donald-trump-bitcoin-cryptocurrency-stockpile-6f1314f5e99bbf47cc3ee6fc6178588d
884,2024-08-01,Convergence finance,Convergence was exploited via incorrect input validation. Reported loss: ~200K USD.,Institutional Era (2024-2026),Hack / Exploit,Floor,2024,~200K USD,DeFiHackLabs,https://github.com/SunWeb3Sec/DeFiHackLabs
885,2024-08-06,ERC-7751: Wrapping of bubbled up reverts,ERC-7751 (Wrapping of bubbled up reverts) was proposed. Status: Final. This ERC proposes a standard for handling bubbled up reverts in Ethereum smart contracts using a dedicated custom error. This standard aims to improve the clarity and usability of revert reasons by allowing additional context to be passed alongside the raw byt,Institutional Era (2024-2026),Standard (ERC) — Final,Floor,2024,,Ethereum ERCs,https://eips.ethereum.org/EIPS/eip-7751
886,2024-08-13,VOW,VOW was exploited via misconfiguration. Reported loss: ~ 1M USD.,Institutional Era (2024-2026),Hack / Exploit,Floor,2024,~ 1M USD,DeFiHackLabs,https://github.com/SunWeb3Sec/DeFiHackLabs
887,2024-08-28,AAVE,AAVE was exploited via arbitrary Call Error. Reported loss: $52000.,Institutional Era (2024-2026),Hack / Exploit,Floor,2024,$52000,DeFiHackLabs,https://github.com/SunWeb3Sec/DeFiHackLabs
888,2024-09-03,Penpiexyzio,"Penpiexyzio was exploited via reentrancy and Reward Manipulation. Reported loss: 11,113.6 ETH (~$27,348,259 USD).",Institutional Era (2024-2026),Hack / Exploit,Floor,2024,"11,113.6 ETH (~$27,348,259 USD)",DeFiHackLabs,https://github.com/SunWeb3Sec/DeFiHackLabs
889,2024-09-10,CaterpillarCoinCUT,CaterpillarCoinCUT was exploited via price Manipulation. Reported loss: ~1.4M USD.,Institutional Era (2024-2026),Hack / Exploit,Floor,2024,~1.4M USD,DeFiHackLabs,https://github.com/SunWeb3Sec/DeFiHackLabs
890,2024-09-15,WXETA,WXETA was exploited via logic Flaw. Reported loss: 110K.,Institutional Era (2024-2026),Hack / Exploit,Floor,2024,110K,DeFiHackLabs,https://github.com/SunWeb3Sec/DeFiHackLabs
891,2024-09-20,Shezmu,Shezmu was exploited via access Control. Reported loss: 4.9M USD.,Institutional Era (2024-2026),Hack / Exploit,Floor,2024,4.9M USD,DeFiHackLabs,https://github.com/SunWeb3Sec/DeFiHackLabs
892,2024-09-23,BankrollNetwork,BankrollNetwork was exploited via incorrect input validation. Reported loss: ~404 WBNB (~234.8K USD).,Institutional Era (2024-2026),Hack / Exploit,Floor,2024,~404 WBNB (~234.8K USD),DeFiHackLabs,https://github.com/SunWeb3Sec/DeFiHackLabs
893,2024-09-26,BedrockDeFi,BedrockDeFi was exploited via swap ETH/BTC 1/1 in mint function. Reported loss: 27.83925883 BTC (~$1.7M USD).,Institutional Era (2024-2026),Hack / Exploit,Floor,2024,27.83925883 BTC (~$1.7M USD),DeFiHackLabs,https://github.com/SunWeb3Sec/DeFiHackLabs
894,2024-09-26,OnyxDAO,"OnyxDAO was exploited via fake Market. Reported loss: 4.1M VUSD, 7.35M XCN, 5K DAI, 0.23 WBTC, 50K USDT (>$3.8M USD).",Institutional Era (2024-2026),Hack / Exploit,Floor,2024,"4.1M VUSD, 7.35M XCN, 5K DAI, 0.23 WBTC, 50K USDT (>$3.8M USD)",DeFiHackLabs,https://github.com/SunWeb3Sec/DeFiHackLabs
895,2024-10-01,Bitcoin Core 28.0 released,"Bitcoin Core version 28.0 was tagged and released, part of the reference implementation's continuous development history.",Institutional Era (2024-2026),Client Release,Floor,2024,,Bitcoin Core,https://bitcoin.org/en/releases/28.0/
896,2024-10-02,LavaLending,"LavaLending was exploited via price Manipulation. Reported loss: 1 USDC, 125795.6 cUSDC, 0,0067 WBTC, 2.25 WETH (~$130K USD).",Institutional Era (2024-2026),Hack / Exploit,Floor,2024,"1 USDC, 125795.6 cUSDC, 0,0067 WBTC, 2.25 WETH (~$130K USD)",DeFiHackLabs,https://github.com/SunWeb3Sec/DeFiHackLabs
897,2024-10-13,MorphoBlue,"MorphoBlue was exploited via overpriced Asset in Oracle. Reported loss: $230,000.",Institutional Era (2024-2026),Hack / Exploit,Floor,2024,"$230,000",DeFiHackLabs,https://github.com/SunWeb3Sec/DeFiHackLabs
898,2024-10-14,ERC-7786: Cross-Chain Messaging Gateway,"ERC-7786 (Cross-Chain Messaging Gateway) was proposed. Status: Final. This proposal describes an interface, and the corresponding workflow, for smart contracts to send arbitrary data through cross-chain messaging protocols. The end goal of this proposal is to have all such messaging protocols accessible via this interface (nativ",Institutional Era (2024-2026),Standard (ERC) — Final,Floor,2024,,Ethereum ERCs,https://eips.ethereum.org/EIPS/eip-7786
899,2024-10-26,CompoundFork Protocol,CompoundFork was exploited via flashloan attack. Reported loss: $1M.,Institutional Era (2024-2026),Hack / Exploit,Floor,2024,$1M,DeFiHackLabs,https://github.com/SunWeb3Sec/DeFiHackLabs
900,2024-10-29,BUBAI,BUBAI was exploited via rug pull. Reported loss: $131K.,Institutional Era (2024-2026),Rug Pull,Chase,2024,$131K,DeFiHackLabs,https://github.com/SunWeb3Sec/DeFiHackLabs
901,2024-10-31,Bitcoin Core 27.2 released,"Bitcoin Core version 27.2 was tagged and released, part of the reference implementation's continuous development history.",Institutional Era (2024-2026),Client Release,Floor,2024,,Bitcoin Core,https://bitcoin.org/en/releases/27.2/
902,2024-11-05,"Trump wins, marking a pro-crypto presidency","Trump's win ended the enforcement-first era; BTC rallied hard and crossed $100,000 within a month.",Institutional Era (2024-2026),Regulatory,Mid,2024,,Editorial research,https://www.cbsnews.com/news/bitcoin-price-reaches-100000-dollar-mark-first-time-ever/
903,2024-11-11,DeltaPrime,DeltaPrime was exploited. Reported loss: $4.8m,Institutional Era (2024-2026),Hack / Exploit,Floor,2024,$4.8m,DeFiHackLabs,https://www.certik.com/blog/deltaprime-incident-analysis
904,2024-11-11,EIP-7823: Set upper bounds for MODEXP,"EIP-7823 (Set upper bounds for MODEXP) was proposed. Status: Final. Introduce an upper bound on the inputs of the MODEXP precompile. This can reduce the number of potential bugs, because the testing surface is not infinite anymore, and makes it easier to be replaced using EVMMAX.",Institutional Era (2024-2026),Standard (EIP) — Final,Floor,2024,,Ethereum EIPs,https://eips.ethereum.org/EIPS/eip-7823
905,2024-11-13,ERC-7818: Expirable ERC-20,"ERC-7818 (Expirable ERC-20) was proposed. Status: Final. Introduces an extension for ERC-20 tokens, which facilitates the implementation of an expiration mechanism. Through this extension, tokens have a predetermined validity period, after which they become invalid and can no longer be transferred or",Institutional Era (2024-2026),Standard (ERC) — Final,Floor,2024,,Ethereum ERCs,https://eips.ethereum.org/EIPS/eip-7818
906,2024-11-14,vETH,vETH was exploited via vulnerable Price Dependency. Reported loss: 447k.,Institutional Era (2024-2026),Hack / Exploit,Floor,2024,447k,DeFiHackLabs,https://github.com/SunWeb3Sec/DeFiHackLabs
907,2024-11-19,ERC-7820: Access Control Registry,ERC-7820 (Access Control Registry) was proposed. Status: Final. The Access Control Registry (ACR) standard defines a universal interface for managing role-based access control across multiple smart contracts. This standard introduces a centralized registry system allowing access control management for multiple smart contra,Institutional Era (2024-2026),Standard (ERC) — Final,Floor,2024,,Ethereum ERCs,https://eips.ethereum.org/EIPS/eip-7820
908,2024-11-19,PolterFinance,PolterFinance was exploited via flashLoan Attack. Reported loss: $7M.,Institutional Era (2024-2026),Hack / Exploit,Floor,2024,$7M,DeFiHackLabs,https://github.com/SunWeb3Sec/DeFiHackLabs
909,2024-11-21,Gensler announces his departure,"Gensler said he would step down on 20 January 2025, and crypto markets rallied on the news.",Institutional Era (2024-2026),Regulatory,Mid,2024,,Editorial research,https://www.bbc.com/news/articles/c20nyxperjpo
910,2024-11-23,EIP-7825: Transaction Gas Limit Cap,"EIP-7825 (Transaction Gas Limit Cap) was proposed. Status: Final. This proposal introduces a protocol-level cap on the maximum gas usage per transaction to 16,777,216 (2^24) gas. By implementing this limit, Ethereum can enhance its resilience against certain DoS vectors, improve network stability, and provide more predictabi",Institutional Era (2024-2026),Standard (EIP) — Final,Floor,2024,,Ethereum EIPs,https://eips.ethereum.org/EIPS/eip-7825
911,2024-11-29,Hyperliquid HYPE airdrop,"Hyperliquid airdropped roughly 31% of supply to users with no VC allocation, producing life-changing claims and widely called one of the best-executed distributions in crypto history.",Institutional Era (2024-2026),Milestone,Mid,2024,,Editorial research,
912,2024-12-05,"Bitcoin crosses $100,000",BTC broke six figures for the first time following the US election and sustained ETF inflows.,Institutional Era (2024-2026),Milestone,Mid,2024,,Editorial research,
913,2024-12-07,ERC-7837: Diffusive Tokens,"ERC-7837 (Diffusive Tokens) was proposed. Status: Final. This ERC proposes a standard for a new type of fungible token, called Diffusive Tokens (DIFF). Unlike traditional ERC-20 tokens, transferring DIFF tokens does not decrease the sender’s balance. Instead, it mints new tokens directly to the",Institutional Era (2024-2026),Standard (ERC) — Final,Floor,2024,,Ethereum ERCs,https://eips.ethereum.org/EIPS/eip-7837
914,2024-12-10,CloberDEX,CloberDEX was exploited via reentrancy. Reported loss: ~501K US$ (133.7 WETH).,Institutional Era (2024-2026),Hack / Exploit,Floor,2024,~501K US$ (133.7 WETH),DeFiHackLabs,https://github.com/SunWeb3Sec/DeFiHackLabs
915,2024-12-12,EIP-7840: Add blob schedule to EL config files,EIP-7840 (Add blob schedule to EL config files) was proposed. Status: Final. Add a new object to client configuration files blobSchedule which lists the target blob count per block and max blob count per block for each fork.,Institutional Era (2024-2026),Standard (EIP) — Final,Floor,2024,,Ethereum EIPs,https://eips.ethereum.org/EIPS/eip-7840
916,2024-12-23,Moonhacker,Moonhacker was exploited via improper input validation. Reported loss: 318.9 k.,Institutional Era (2024-2026),Hack / Exploit,Floor,2024,318.9 k,DeFiHackLabs,https://github.com/SunWeb3Sec/DeFiHackLabs
917,2025-01-01,X Money announces Visa partnership,"X confirmed a Visa Direct partnership letting users fund X Money wallets from debit cards — Elon Musk's X, not Jack Dorsey.",Institutional Era (2024-2026),Launch,Mid,2025,,Editorial research,https://www.pymnts.com/news/payments-innovation/2026/elon-musk-says-x-money-debut-april/
918,2025-01-02,ERC-7857: AI Agents NFT with Private Metadata,"ERC-7857 (AI Agents NFT with Private Metadata) was proposed. Status: Final. A standard interface for NFTs specifically designed for AI agents, where the metadata represents agent capabilities and requires privacy protection. Unlike traditional NFT standards that focus on static metadata, this standard introduces mechanisms for verifia",Institutional Era (2024-2026),Standard (ERC) — Final,Floor,2025,,Ethereum ERCs,https://eips.ethereum.org/EIPS/eip-7857
919,2025-01-07,Bitcoin Core 28.1 released,"Bitcoin Core version 28.1 was tagged and released, part of the reference implementation's continuous development history.",Institutional Era (2024-2026),Client Release,Floor,2025,,Bitcoin Core,https://bitcoin.org/en/releases/28.1/
920,2025-01-07,IPC Incorrect burn pairs,IPC Incorrect burn pairs was exploited via logic Flaw. Reported loss: ～590k USDT.,Institutional Era (2024-2026),Hack / Exploit,Floor,2025,～590k USDT,DeFiHackLabs,https://github.com/SunWeb3Sec/DeFiHackLabs
921,2025-01-09,BIP-3: Updated BIP Process,BIP-3 (Updated BIP Process) was proposed. Status: Deployed.,Institutional Era (2024-2026),Standard (BIP) — Deployed,Floor,2025,,Bitcoin BIPs,https://github.com/bitcoin/bips/blob/master/bip-0003.md
922,2025-01-17,Politically themed memecoins dominate flows,A wave of high-profile political memecoin launches concentrated Solana activity and drew immediate regulatory scrutiny.,Institutional Era (2024-2026),Milestone,Mid,2025,,Editorial research,
923,2025-01-17,TRUMP memecoin launches,"The official TRUMP token launched days before the inauguration, briefly reaching a multi-billion-dollar valuation before falling sharply, with most late buyers underwater.",Institutional Era (2024-2026),Launch,Mid,2025,,Editorial research,https://en.wikipedia.org/wiki/$Trump
924,2025-01-26,EIP-7870: Hardware and Bandwidth Recommendations,EIP-7870 (Hardware and Bandwidth Recommendations) was proposed. Status: Living. This proposal specifies hardware and bandwidth recommendations for different types of Ethereum nodes:,Institutional Era (2024-2026),Standard (EIP) — Final,Floor,2025,,Ethereum EIPs,https://eips.ethereum.org/EIPS/eip-7870
925,2025-01-30,ERC-7893: DeFi Protocol Solvency Proof Mechanism,"ERC-7893 (DeFi Protocol Solvency Proof Mechanism) was proposed. Status: Final. A standardized interface that enables DeFi protocols to implement verifiable solvency proofs through smart contracts. This interface works by defining structured data types for assets and liabilities, with oracle-validated price feeds tracking token values in",Institutional Era (2024-2026),Standard (ERC) — Final,Floor,2025,,Ethereum ERCs,https://eips.ethereum.org/EIPS/eip-7893
926,2025-02-01,ERC-7878: Bequeathable Contracts,ERC-7878 (Bequeathable Contracts) was proposed. Status: Final. This EIP proposes a standard interface for contracts to allow tokens to be inherited after the owner's death. The interface allows token owners to set up a Will and designate executors to enable the transfer of tokens to inheritors after a specified waiting pe,Institutional Era (2024-2026),Standard (ERC) — Final,Floor,2025,,Ethereum ERCs,https://eips.ethereum.org/EIPS/eip-7878
927,2025-02-04,Taproot Wizards raises $30M Series A,"Quantum Cats floor surged on news of a $30 million Series A for Taproot Wizards, making it the best-funded project in the Ordinals ecosystem.",Institutional Era (2024-2026),Milestone,Mid,2025,,Editorial research,https://niftynoon.substack.com/p/niftynoon-taproot-wizards-and-quantum
928,2025-02-11,EIP-7883: ModExp Gas Cost Increase,EIP-7883 (ModExp Gas Cost Increase) was proposed. Status: Final. This EIP is modifying the ModExp precompile pricing algorithm introduced in EIP-2565.,Institutional Era (2024-2026),Standard (EIP) — Final,Floor,2025,,Ethereum EIPs,https://eips.ethereum.org/EIPS/eip-7883
929,2025-02-11,FourMeme,FourMeme was exploited via logic Flaw. Reported loss: ~186k.,Institutional Era (2024-2026),Hack / Exploit,Floor,2025,~186k,DeFiHackLabs,https://github.com/SunWeb3Sec/DeFiHackLabs
930,2025-02-12,ERC-8161: Transferable Tokenized Vault Requests,ERC-8161 (Transferable Tokenized Vault Requests) was proposed. Status: Final. This standard extends ERC-7540 by adding optional transferability of pending deposit and redeem Requests. It introduces two separate interfaces that allow a controller to transfer their pending Request balance to a new controller. Implementati,Institutional Era (2024-2026),Standard (ERC) — Final,Floor,2025,,Ethereum ERCs,https://eips.ethereum.org/EIPS/eip-8161
931,2025-02-20,Binance HODLer airdrop distributes KAITO,"KAITO was the 9th Binance HODLer Airdrops project, sending 20 million tokens to BNB Simple Earn subscribers from the 6-10 February snapshot window.",Institutional Era (2024-2026),Launch,Mid,2025,,Editorial research,https://atomicwallet.io/academy/articles/what-is-kaito-unpacking-the-ai-powered-crypto-token-of-2025
932,2025-02-20,KAITO airdrop and TGE,"Kaito distributed 10% of supply to Yappers and Genesis NFT holders at 12:00 UTC, with trading opening an hour later. 'Yapping' — posting for an AI-scored attention rank — became the defining crypto-social mechanic of 2025.",Institutional Era (2024-2026),Launch,Mid,2025,,Editorial research,https://cryptodamus.io/en/articles/news/kaito-ai-airdrop-2025-will-infofi-tokenize-your-attention-get-the-deep-dive
933,2025-02-21,Bybit,Bybit was exploited via phishing attack. Reported loss: 1.5B.,Institutional Era (2024-2026),Hack / Exploit,Floor,2025,1.5B,DeFiHackLabs,https://github.com/SunWeb3Sec/DeFiHackLabs
934,2025-02-21,SEC moves to drop the Coinbase case,"The SEC agreed to dismiss its case against Coinbase, effectively ending the enforcement-first era.",Institutional Era (2024-2026),Regulatory,Mid,2025,,Editorial research,https://www.cnbc.com/2025/02/21/coinbase-says-the-sec-has-agreed-to-end-enforcement-case-against-crypto-exchange.html
935,2025-02-23,HegicOptions,HegicOptions was exploited via business Logic Flaw. Reported loss: ~104M.,Institutional Era (2024-2026),Hack / Exploit,Floor,2025,~104M,DeFiHackLabs,https://github.com/SunWeb3Sec/DeFiHackLabs
936,2025-02-27,KAITO peaks at $2.92,"The Base-native ERC-20 hit its all-time high a week after the airdrop, with InfoFi briefly the loudest narrative in crypto.",Institutional Era (2024-2026),Milestone,Mid,2025,,Editorial research,https://www.coingecko.com/learn/what-is-kaito-earn-yap-points
937,2025-02-28,EIP-7892: Blob Parameter Only Hardforks,"EIP-7892 (Blob Parameter Only Hardforks) was proposed. Status: Final. This EIP introduces Blob Parameter Only (BPO) Hardforks, a lightweight mechanism for incrementally scaling Ethereum’s blob capacity through targeted hard forks that modify only blob-related parameters: target, max, and baseFeeUpdateFraction. Unlike t",Institutional Era (2024-2026),Standard (EIP) — Final,Floor,2025,,Ethereum EIPs,https://eips.ethereum.org/EIPS/eip-7892
938,2025-03-05,1inch FusionV1 Settlement,1inch FusionV1 Settlement was exploited via arbitrary Yul Calldata. Reported loss: 4.5M.,Institutional Era (2024-2026),Hack / Exploit,Floor,2025,4.5M,DeFiHackLabs,https://github.com/SunWeb3Sec/DeFiHackLabs
939,2025-03-06,Strategic Bitcoin Reserve executive order,"An executive order established a US Strategic Bitcoin Reserve from forfeited holdings, formalising Bitcoin as a government reserve asset.",Institutional Era (2024-2026),Regulatory,Mid,2025,,Editorial research,https://www.whitehouse.gov/fact-sheets/2025/03/fact-sheet-president-donald-j-trump-establishes-the-strategic-bitcoin-reserve-and-u-s-digital-asset-stockpile/
940,2025-03-07,ERC-7908: HD wallet In Treasury Management,"ERC-7908 (HD wallet In Treasury Management) was proposed. Status: Final. This proposal aims to provide a standardized method for on-chain treasury management of institutional assets, ensuring secure private key generation, hierarchical management, and departmental permission isolation while supporting asset security and transaction",Institutional Era (2024-2026),Standard (ERC) — Final,Floor,2025,,Ethereum ERCs,https://eips.ethereum.org/EIPS/eip-7908
941,2025-03-18,EIP-7910: ethconfig JSON-RPC Method,"EIP-7910 (ethconfig JSON-RPC Method) was proposed. Status: Final. This document describes an RPC method that provides node-relevant configuration data for the current, next, and last known forks.",Institutional Era (2024-2026),Standard (EIP) — Final,Floor,2025,,Ethereum EIPs,https://eips.ethereum.org/EIPS/eip-7910
942,2025-03-21,ERC-7913: Signature Verifiers,ERC-7913 (Signature Verifiers) was proposed. Status: Final. Externally Owned Accounts (EOA) can sign messages with their associated private keys. Additionally ERC-1271 defines a method for signature verification by smart accounts such as multisig. In both cases the identity of the signer is an ethereum,Institutional Era (2024-2026),Standard (ERC) — Final,Floor,2025,,Ethereum ERCs,https://eips.ethereum.org/EIPS/eip-7913
943,2025-03-22,Kaito Yaps claim window closes,"The claim deadline passed on the first major attention-mining distribution, and every project that followed copied the leaderboard model.",Institutional Era (2024-2026),Milestone,Mid,2025,,Editorial research,https://takeoutsguy.substack.com/p/how-kaito-won-over-the-crypto-crowd
944,2025-03-24,EIP-7917: Deterministic proposer lookahead,"EIP-7917 (Deterministic proposer lookahead) was proposed. Status: Final. At the start of each epoch, pre-calculate and store in the beaconstate a deterministic proposerlookahead for the next MINSEEDLOOKAHEAD + 1 epochs.",Institutional Era (2024-2026),Standard (EIP) — Final,Floor,2025,,Ethereum EIPs,https://eips.ethereum.org/EIPS/eip-7917
945,2025-03-25,EIP-7918: Blob base fee bounded by execution cost,"EIP-7918 (Blob base fee bounded by execution cost) was proposed. Status: Final. This EIP assigns a reserve price BLOBBASECOST basefeepergas to blobs by introducing an if-clause in calcexcessblobgas(). Specifically, when the reserve price is higher than GASPERBLOB basefeeperblobgas, the function will not subtract",Institutional Era (2024-2026),Standard (EIP) — Final,Floor,2025,,Ethereum EIPs,https://eips.ethereum.org/EIPS/eip-7918
946,2025-03-25,Taproot Wizards public sale,"Two years after inscription, 2,121 Wizards finally went on sale — allowlist at 0.2 BTC (~$16,340) followed by a public Dutch auction. The team had deliberately delayed to 'test the persistence of the real wizards'.",Institutional Era (2024-2026),Launch,Mid,2025,,Editorial research,https://decrypt.co/309513/taproot-wizards-bitcoin-ordinals-sale
947,2025-03-27,YziAI TOKEN,YziAI was exploited via rug Pull. Reported loss: ~ $239.4K.,Institutional Era (2024-2026),Rug Pull,Chase,2025,~ $239.4K,DeFiHackLabs,https://github.com/SunWeb3Sec/DeFiHackLabs
948,2025-04-11,Bitcoin Core 29.0 released,"Bitcoin Core version 29.0 was tagged and released, part of the reference implementation's continuous development history.",Institutional Era (2024-2026),Client Release,Floor,2025,,Bitcoin Core,https://bitcoin.org/en/releases/29.0/
949,2025-04-16,EIP-7934: RLP Execution Block Size Limit,"EIP-7934 (RLP Execution Block Size Limit) was proposed. Status: Final. This proposal introduces a protocol-level cap on the maximum RLP-encoded execution block size to 10 megabytes (MiB), which includes a margin of 2 MiB to account for beacon block sizes.",Institutional Era (2024-2026),Standard (EIP) — Final,Floor,2025,,Ethereum EIPs,https://eips.ethereum.org/EIPS/eip-7934
950,2025-04-16,Roar,Roar was exploited via rug Pull. Reported loss: $777k.,Institutional Era (2024-2026),Rug Pull,Chase,2025,$777k,DeFiHackLabs,https://github.com/SunWeb3Sec/DeFiHackLabs
951,2025-04-22,EIP-7935: Set default gas limit to 60M,EIP-7935 (Set default gas limit to 60M) was proposed. Status: Final. The gas limit on mainnet is currently 36M. This should be significantly increased to 60M by the time Fusaka is released by execution layer clients updating their default configurations.,Institutional Era (2024-2026),Standard (EIP) — Final,Floor,2025,,Ethereum EIPs,https://eips.ethereum.org/EIPS/eip-7935
952,2025-04-28,EIP-7939: Count leading zeros (CLZ) opcode,"EIP-7939 (Count leading zeros (CLZ) opcode) was proposed. Status: Final. Introduce a new opcode, CLZ(x), which pops x from the stack and pushes the number of leading zero bits in x to the stack. If x is zero, pushes 256.",Institutional Era (2024-2026),Standard (EIP) — Final,Floor,2025,,Ethereum EIPs,https://eips.ethereum.org/EIPS/eip-7939
953,2025-05-07,Pectra,"Prague and Electra activated together, raising the validator stake ceiling and adding account abstraction features to externally owned accounts.",Institutional Era (2024-2026),Network Upgrade,Chase,2025,,Editorial research,
954,2025-05-11,Mobuis Token,MBUToken was exploited via price Manipulation not confirmed. Reported loss: ~2.16 M BUSD.,Institutional Era (2024-2026),Hack / Exploit,Floor,2025,~2.16 M BUSD,DeFiHackLabs,https://github.com/SunWeb3Sec/DeFiHackLabs
955,2025-05-20,IRYSAI,IRYSAI was exploited via rug pull. Reported loss: 69.6K USD.,Institutional Era (2024-2026),Rug Pull,Chase,2025,69.6K USD,DeFiHackLabs,https://github.com/SunWeb3Sec/DeFiHackLabs
956,2025-05-22,ERC-7950: Encode chain id with transaction hash,ERC-7950 (Encode chain id with transaction hash) was proposed. Status: Final. This standard proposes a way to encode the combination of a chain ID and a transaction hash into one string.,Institutional Era (2024-2026),Standard (ERC) — Final,Floor,2025,,Ethereum ERCs,https://eips.ethereum.org/EIPS/eip-7950
957,2025-05-27,EIP-7951: Precompile for secp256r1 Curve Support,EIP-7951 (Precompile for secp256r1 Curve Support) was proposed. Status: Final. Add functionality to efficiently perform ECDSA signature verification over the secp256r1 elliptic curve (also known as P-256 or prime256v1). This precompile enables native support for signatures generated by modern secure hardware including Apple Secure Enclav,Institutional Era (2024-2026),Standard (EIP) — Final,Floor,2025,,Ethereum EIPs,https://eips.ethereum.org/EIPS/eip-7951
958,2025-05-28,Corkprotocol,Corkprotocol was exploited via access Control. Reported loss: 12M USD.,Institutional Era (2024-2026),Hack / Exploit,Floor,2025,12M USD,DeFiHackLabs,https://github.com/SunWeb3Sec/DeFiHackLabs
959,2025-06-10,ERC-7943: uRWA - Universal Real World Asset Interface,"ERC-7943 (uRWA - Universal Real World Asset Interface) was proposed. Status: Final. This EIP proposes the Universal RWA (uRWA) standard, a set of interfaces for tokenized Real World Assets (RWAs) such as securities, real estate, commodities, or other physical/financial assets on the blockchain.",Institutional Era (2024-2026),Standard (ERC) — Final,Floor,2025,,Ethereum ERCs,https://eips.ethereum.org/EIPS/eip-7943
960,2025-06-12,AAVEBoost,AAVEBoost was exploited via logic Flaw. Reported loss: 14.8K USD.,Institutional Era (2024-2026),Hack / Exploit,Floor,2025,14.8K USD,DeFiHackLabs,https://github.com/SunWeb3Sec/DeFiHackLabs
961,2025-06-19,Bitcoin Core 28.2 released,"Bitcoin Core version 28.2 was tagged and released, part of the reference implementation's continuous development history.",Institutional Era (2024-2026),Client Release,Floor,2025,,Bitcoin Core,https://bitcoin.org/en/releases/28.2/
962,2025-06-26,ResupplyFi,ResupplyFi was exploited via share price manipulation. Reported loss: 9.6M USD.,Institutional Era (2024-2026),Hack / Exploit,Floor,2025,9.6M USD,DeFiHackLabs,https://github.com/SunWeb3Sec/DeFiHackLabs
963,2025-07-02,Future Protocol,FPC was exploited via logic Flaw. Reported loss: 4.7M USDT.,Institutional Era (2024-2026),Hack / Exploit,Floor,2025,4.7M USDT,DeFiHackLabs,https://github.com/SunWeb3Sec/DeFiHackLabs
964,2025-07-05,RANT,RANT was exploited via logic Flaw. Reported loss: ~ $204K.,Institutional Era (2024-2026),Hack / Exploit,Floor,2025,~ $204K,DeFiHackLabs,https://github.com/SunWeb3Sec/DeFiHackLabs
965,2025-07-09,GMX protocol,GMX was exploited via share price manipulation. Reported loss: 41M USD.,Institutional Era (2024-2026),Hack / Exploit,Floor,2025,41M USD,DeFiHackLabs,https://github.com/SunWeb3Sec/DeFiHackLabs
966,2025-07-28,SuperRare,SuperRare was exploited via access Control. Reported loss: 730K USD.,Institutional Era (2024-2026),Hack / Exploit,Floor,2025,730K USD,DeFiHackLabs,https://github.com/SunWeb3Sec/DeFiHackLabs
967,2025-07-29,ERC-7994: Purpose-Bound ERC-20 with Conditional Unlock,"ERC-7994 (Purpose-Bound ERC-20 with Conditional Unlock) was proposed. Status: Final. This ERC extends the concept introduced in [ERC-7291] by enabling [ERC-20]-compatible tokens to carry multi-condition unlocking constraints, combining temporal, identity, and usage restrictions into a programmable structure. It aims to support controlled disbu",Institutional Era (2024-2026),Standard (ERC) — Final,Floor,2025,,Ethereum ERCs,https://eips.ethereum.org/EIPS/eip-7994
968,2025-08-02,ERC-8001: Agent Coordination Framework,"ERC-8001 (Agent Coordination Framework) was proposed. Status: Final. ERC-8001 defines a minimal, single-chain primitive for multi-party agent coordination. An initiator posts an intent and each participant provides a verifiable acceptance attestation. Once the required set of acceptances is present and fres",Institutional Era (2024-2026),Standard (ERC) — Final,Floor,2025,,Ethereum ERCs,https://eips.ethereum.org/EIPS/eip-8001
969,2025-08-13,coinbase,coinbase was exploited via misconfiguration. Reported loss: 300k USD.,Institutional Era (2024-2026),Hack / Exploit,Floor,2025,300k USD,DeFiHackLabs,https://github.com/SunWeb3Sec/DeFiHackLabs
970,2025-08-30,EverValueCoin,EverValueCoin was exploited via arbitrage. Reported loss: 100k USD.,Institutional Era (2024-2026),Hack / Exploit,Floor,2025,100k USD,DeFiHackLabs,https://github.com/SunWeb3Sec/DeFiHackLabs
971,2025-09-03,Bitcoin Core 29.1 released,"Bitcoin Core version 29.1 was tagged and released, part of the reference implementation's continuous development history.",Institutional Era (2024-2026),Client Release,Floor,2025,,Bitcoin Core,https://bitcoin.org/en/releases/29.1/
972,2025-09-18,New Gold Protocol (NGP),NGP was exploited via price Manipulation. Reported loss: 2M USD.,Institutional Era (2024-2026),Hack / Exploit,Floor,2025,2M USD,DeFiHackLabs,https://github.com/SunWeb3Sec/DeFiHackLabs
973,2025-10-02,ERC-8034: Referable NFT Royalties,"ERC-8034 (Referable NFT Royalties) was proposed. Status: Final. This ERC proposes Royalty Distribution, a standalone royalty distribution for Referable Non-Fungible Tokens (rNFTs). It enables royalty distribution to multiple recipients at the primary level and referenced NFTs in the directed acyclic graph (DAG), with a sin",Institutional Era (2024-2026),Standard (ERC) — Final,Floor,2025,,Ethereum ERCs,https://eips.ethereum.org/EIPS/eip-8034
974,2025-10-04,Abracadabra,Abracadabra was exploited via logic Flaw. Reported loss: 1.8M USD.,Institutional Era (2024-2026),Hack / Exploit,Floor,2025,1.8M USD,DeFiHackLabs,https://github.com/SunWeb3Sec/DeFiHackLabs
975,2025-10-04,MIMSpell3,MIMSpell3 was exploited via bypassed Insolvency Check. Reported loss: 1.7M USD.,Institutional Era (2024-2026),Hack / Exploit,Floor,2025,1.7M USD,DeFiHackLabs,https://github.com/SunWeb3Sec/DeFiHackLabs
976,2025-10-09,Bitcoin Core 30.0 released,"Bitcoin Core version 30.0 was tagged and released, part of the reference implementation's continuous development history.",Institutional Era (2024-2026),Client Release,Floor,2025,,Bitcoin Core,https://bitcoin.org/en/releases/30.0/
977,2025-10-10,Bitcoin Core 29.2 released,"Bitcoin Core version 29.2 was tagged and released, part of the reference implementation's continuous development history.",Institutional Era (2024-2026),Client Release,Floor,2025,,Bitcoin Core,https://bitcoin.org/en/releases/29.2/
978,2025-10-11,ERC-8042: Diamond Storage,ERC-8042 (Diamond Storage) was proposed. Status: Final. This standard formalizes the diamond storage pattern originally introduced by ERC-2535 Diamonds and widely adopted across smart contracts.,Institutional Era (2024-2026),Standard (ERC) — Final,Floor,2025,,Ethereum ERCs,https://eips.ethereum.org/EIPS/eip-8042
979,2025-10-16,Bitcoin Core 28.3 released,"Bitcoin Core version 28.3 was tagged and released, part of the reference implementation's continuous development history.",Institutional Era (2024-2026),Client Release,Floor,2025,,Bitcoin Core,https://bitcoin.org/en/releases/28.3/
980,2025-10-28,ERC-8063: Groups - Membership Tokens,"ERC-8063 (Groups - Membership Tokens) was proposed. Status: Final. This proposal defines a ""Group"" as an ERC-20 token where token balance represents membership level. Groups are standard ERC-20 tokens with the semantic interpretation that holding tokens means membership in the group. Unlike binary membership, t",Institutional Era (2024-2026),Standard (ERC) — Final,Floor,2025,,Ethereum ERCs,https://eips.ethereum.org/EIPS/eip-8063
981,2025-11-03,BalancerV2,BalancerV2 was exploited via precision Loss. Reported loss: 120M USD.,Institutional Era (2024-2026),Hack / Exploit,Floor,2025,120M USD,DeFiHackLabs,https://github.com/SunWeb3Sec/DeFiHackLabs
982,2025-11-04,Moonwell,Moonwell was exploited via faulty Oracle. Reported loss: 1M USD.,Institutional Era (2024-2026),Hack / Exploit,Floor,2025,1M USD,DeFiHackLabs,https://github.com/SunWeb3Sec/DeFiHackLabs
983,2025-12-01,yETH,yETH was exploited via unsafe Math. Reported loss: 9M USD.,Institutional Era (2024-2026),Hack / Exploit,Floor,2025,9M USD,DeFiHackLabs,https://github.com/SunWeb3Sec/DeFiHackLabs
984,2025-12-03,BIP-89: Chain Code Delegation,"BIP-89 (Chain Code Delegation) was proposed. Status: Deployed. Chain Code Delegation (CCD) is a method for multi-signature wallets in which a privileged participant withholds BIP32 chain codes from one or more non-privileged participants, and supplies per-input scalar tweaks at signing time. This allows non-privileged par",Institutional Era (2024-2026),Standard (BIP) — Deployed,Floor,2025,,Bitcoin BIPs,https://github.com/bitcoin/bips/blob/master/bip-0089.mediawiki
985,2025-12-18,Bitcoin Core 30.1 released,"Bitcoin Core version 30.1 was tagged and released, part of the reference implementation's continuous development history.",Institutional Era (2024-2026),Client Release,Floor,2025,,Bitcoin Core,https://bitcoin.org/en/releases/30.1/
986,2026-01-09,Bitcoin Core 30.2 released,"Bitcoin Core version 30.2 was tagged and released, part of the reference implementation's continuous development history.",Institutional Era (2024-2026),Client Release,Floor,2026,,Bitcoin Core,https://bitcoin.org/en/releases/30.2/
987,2026-01-10,FutureSwap,FutureSwap was exploited via unit Mismatch. Reported loss: 433K USD.,Institutional Era (2024-2026),Hack / Exploit,Floor,2026,433K USD,DeFiHackLabs,https://github.com/SunWeb3Sec/DeFiHackLabs
988,2026-01-15,ERC-8126: AI Agent Verification,ERC-8126 (AI Agent Verification) was proposed. Status: Final. This ERC defines a standard interface for verifying AI agents on Ethereum that have been registered via ERC-8004. It enables AI agents to undergo several specialized verification processes defined in this proposal: Ethereum Token Verification,Institutional Era (2024-2026),Standard (ERC) — Final,Floor,2026,,Ethereum ERCs,https://eips.ethereum.org/EIPS/eip-8126
989,2026-01-20,Makina Finance,Makina was exploited via price Oracle Manipulation. Reported loss: 5.1M USD.,Institutional Era (2024-2026),Hack / Exploit,Floor,2026,5.1M USD,DeFiHackLabs,https://github.com/SunWeb3Sec/DeFiHackLabs
990,2026-01-24,EIP-8134: Hardfork Meta - BPO1,"EIP-8134 (Hardfork Meta - BPO1) was proposed. Status: Final. This Meta EIP documents the activation details, parameter changes, and specification references for the first Blob-Parameter-Only (BPO) network upgrades, BPO1. It provides a canonical registry of blob targets, blob maximum limits, and associated configuration",Institutional Era (2024-2026),Standard (EIP) — Final,Floor,2026,,Ethereum EIPs,https://eips.ethereum.org/EIPS/eip-8134
991,2026-01-24,EIP-8135: Hardfork Meta - BPO2,"EIP-8135 (Hardfork Meta - BPO2) was proposed. Status: Final. This Meta EIP documents the activation details, parameter changes, and specification references for the second Blob-Parameter-Only (BPO) network upgrade, BPO2. It provides a canonical reference of blob target, blob maximum limits, and associated configurat",Institutional Era (2024-2026),Standard (EIP) — Final,Floor,2026,,Ethereum EIPs,https://eips.ethereum.org/EIPS/eip-8135
992,2026-02-01,Kaito Studio replaces Yaps,"Kaito retired the open Yaps points programme for a selective creator marketplace judged on reach and impressions, ending the era of open attention farming.",Institutional Era (2024-2026),Milestone,Mid,2026,,Editorial research,https://airdrops.io/kaito-ai/
993,2026-02-09,Bitcoin Core 29.3 released,"Bitcoin Core version 29.3 was tagged and released, part of the reference implementation's continuous development history.",Institutional Era (2024-2026),Client Release,Floor,2026,,Bitcoin Core,https://bitcoin.org/en/releases/29.3/
994,2026-02-15,Moonwell,Moonwell was exploited via faulty Oracle. Reported loss: 1.78M USD.,Institutional Era (2024-2026),Hack / Exploit,Floor,2026,1.78M USD,DeFiHackLabs,https://github.com/SunWeb3Sec/DeFiHackLabs
995,2026-03-10,Musk announces X Money launch date,Musk said X Money early public access would launch the following month; DOGE briefly rallied on speculation about crypto integration despite X Money being a fiat-only product.,Institutional Era (2024-2026),Milestone,Mid,2026,,Editorial research,https://www.pymnts.com/news/payments-innovation/2026/elon-musk-says-x-money-debut-april/
996,2026-03-14,ERC-8196: AI Agent Authenticated Wallet,ERC-8196 (AI Agent Authenticated Wallet) was proposed. Status: Final. This ERC defines a standard interface for AI agent-authenticated wallets. These wallets execute transactions only when accompanied by verifiable cryptographic proof that the action complies with a specific policy defined by the asset owner.,Institutional Era (2024-2026),Standard (ERC) — Final,Floor,2026,,Ethereum ERCs,https://eips.ethereum.org/EIPS/eip-8196
997,2026-03-16,Bitcoin Core 28.4 released,"Bitcoin Core version 28.4 was tagged and released, part of the reference implementation's continuous development history.",Institutional Era (2024-2026),Client Release,Floor,2026,,Bitcoin Core,https://bitcoin.org/en/releases/28.4/
998,2026-03-31,WhalebitOracleManipulation,WhalebitOracleManipulation was exploited via algebra spot-price oracle manipulation. Reported loss: 824K USD.,Institutional Era (2024-2026),Hack / Exploit,Floor,2026,824K USD,DeFiHackLabs,https://github.com/SunWeb3Sec/DeFiHackLabs
999,2026-04-05,PerpPair,PerpPair was exploited via virtual AMM Manipulation. Reported loss: 165K USDC.,Institutional Era (2024-2026),Hack / Exploit,Floor,2026,165K USDC,DeFiHackLabs,https://github.com/SunWeb3Sec/DeFiHackLabs
1000,2026-04-12,SubQuery Network,SubQuerySettings was exploited via settings access control. Reported loss: 218.07M SQT.,Institutional Era (2024-2026),Hack / Exploit,Floor,2026,218.07M SQT,DeFiHackLabs,https://github.com/SunWeb3Sec/DeFiHackLabs
1001,2026-04-15,Bitcoin Core 31.0 released,"Bitcoin Core version 31.0 was tagged and released, part of the reference implementation's continuous development history.",Institutional Era (2024-2026),Client Release,Floor,2026,,Bitcoin Core,https://bitcoin.org/en/releases/31.0/
1002,2026-04-23,GiddyVaultV3,GiddyVaultV3 was exploited via incomplete Signature Coverage. Reported loss: $1.3M.,Institutional Era (2024-2026),Hack / Exploit,Floor,2026,$1.3M,DeFiHackLabs,https://github.com/SunWeb3Sec/DeFiHackLabs
1003,2026-04-25,SingularityDynaVault,SingularityDynaVault was exploited via oracle Misconfiguration / Share Inflation. Reported loss: 413.13K USDC.,Institutional Era (2024-2026),Hack / Exploit,Floor,2026,413.13K USDC,DeFiHackLabs,https://github.com/SunWeb3Sec/DeFiHackLabs
1004,2026-04-28,JUDAO,JUDAO was exploited via jUDAO sell-hook reserve drain. Reported loss: 205K USDT + 36 BNB.,Institutional Era (2024-2026),Hack / Exploit,Floor,2026,205K USDT + 36 BNB,DeFiHackLabs,https://github.com/SunWeb3Sec/DeFiHackLabs
1005,2026-05-05,Ekubo,Ekubo was exploited via business Logic Flaw. Reported loss: ~$1.4M.,Institutional Era (2024-2026),Hack / Exploit,Floor,2026,~$1.4M,DeFiHackLabs,https://github.com/SunWeb3Sec/DeFiHackLabs
1006,2026-05-07,TrustedVolumes,TrustedVolumes was exploited via signature Replay. Reported loss: ~$5.87M.,Institutional Era (2024-2026),Hack / Exploit,Floor,2026,~$5.87M,DeFiHackLabs,https://github.com/SunWeb3Sec/DeFiHackLabs
1007,2026-05-10,Renegade,Renegade was exploited via uninitialized Proxy. Reported loss: ~$209K.,Institutional Era (2024-2026),Hack / Exploit,Floor,2026,~$209K,DeFiHackLabs,https://github.com/SunWeb3Sec/DeFiHackLabs
1008,2026-05-11,HumaFinance,"HumaFinance was exploited via credit Approval Bypass. Reported loss: ~$101K (82,315 USDC + 19,074 USDC.e).",Institutional Era (2024-2026),Hack / Exploit,Floor,2026,"~$101K (82,315 USDC + 19,074 USDC.e)",DeFiHackLabs,https://github.com/SunWeb3Sec/DeFiHackLabs
1009,2026-05-11,INKFinance,INKFinance was exploited via business Logic Flaw. Reported loss: ~$140K.,Institutional Era (2024-2026),Hack / Exploit,Floor,2026,~$140K,DeFiHackLabs,https://github.com/SunWeb3Sec/DeFiHackLabs
1010,2026-05-12,SQTokenStaking,SQTokenStaking was exploited via access Control. Reported loss: ~$346.1K.,Institutional Era (2024-2026),Hack / Exploit,Floor,2026,~$346.1K,DeFiHackLabs,https://github.com/SunWeb3Sec/DeFiHackLabs
1011,2026-05-15,AdsharesBridge,AdsharesBridge was exploited via insufficient Validation. Reported loss: ~$628K.,Institutional Era (2024-2026),Hack / Exploit,Floor,2026,~$628K,DeFiHackLabs,https://github.com/SunWeb3Sec/DeFiHackLabs
1012,2026-05-17,SEAToken,SEAToken was exploited via business Logic Flaw. Reported loss: ~$110K.,Institutional Era (2024-2026),Hack / Exploit,Floor,2026,~$110K,DeFiHackLabs,https://github.com/SunWeb3Sec/DeFiHackLabs
1013,2026-05-17,VerusBridge,VerusBridge was exploited via insufficient Validation. Reported loss: ~$11.58M.,Institutional Era (2024-2026),Hack / Exploit,Floor,2026,~$11.58M,DeFiHackLabs,https://github.com/SunWeb3Sec/DeFiHackLabs
1014,2026-05-20,MAPProtocol,MAPProtocol was exploited via arbitrary Mint. Reported loss: ~$180K.,Institutional Era (2024-2026),Hack / Exploit,Floor,2026,~$180K,DeFiHackLabs,https://github.com/SunWeb3Sec/DeFiHackLabs
1015,2026-05-25,New Market Trading,New Market Trading was exploited via squidRouterModule Missing Caller Check. Reported loss: ~$3.98M USD.,Institutional Era (2024-2026),Hack / Exploit,Floor,2026,~$3.98M USD,DeFiHackLabs,https://github.com/SunWeb3Sec/DeFiHackLabs
1016,2026-05-25,WUSD.fi,WUSD.fi was exploited via englove Sybil Incentive Abuse. Reported loss: ~$200K USD (GLOVE emissions + LP drain).,Institutional Era (2024-2026),Hack / Exploit,Floor,2026,~$200K USD (GLOVE emissions + LP drain),DeFiHackLabs,https://github.com/SunWeb3Sec/DeFiHackLabs
1017,2026-05-26,SKP Token,SKP Token was exploited via owner Backdoor LP Burn + Price Manipulation. Reported loss: ~$212K USD.,Institutional Era (2024-2026),Hack / Exploit,Floor,2026,~$212K USD,DeFiHackLabs,https://github.com/SunWeb3Sec/DeFiHackLabs
1018,2026-05-28,DxSale,DxSale was exploited via ownership Override Attack. Reported loss: ~7.3M USD.,Institutional Era (2024-2026),Hack / Exploit,Floor,2026,~7.3M USD,DeFiHackLabs,https://github.com/SunWeb3Sec/DeFiHackLabs
1019,2026-05-30,AROS,AROS was exploited via signature Replay. Reported loss: ~$295K.,Institutional Era (2024-2026),Hack / Exploit,Floor,2026,~$295K,DeFiHackLabs,https://github.com/SunWeb3Sec/DeFiHackLabs
1020,2026-06-04,ATM Token,"ATM Token was exploited via hidden transferFrom Auto-Swap Drain. Reported loss: ~$243,543 USDT.",Institutional Era (2024-2026),Hack / Exploit,Floor,2026,"~$243,543 USDT",DeFiHackLabs,https://github.com/SunWeb3Sec/DeFiHackLabs
1021,2026-06-14,Aztec Connect,Aztec Connect was exploited via numRealTxs Proof/Settlement Mismatch (permissionless RollupProcessorV3). Reported loss: ~$2.19M (this PoC reproduces the 908.99 ETH leg).,Institutional Era (2024-2026),Hack / Exploit,Floor,2026,~$2.19M (this PoC reproduces the 908.99 ETH leg),DeFiHackLabs,https://github.com/SunWeb3Sec/DeFiHackLabs
1022,2026-06-17,Aztec V1,"Aztec V1 was exploited via escapeHatch Proof-Forgery (permissionless RollupProcessor exit). Reported loss: ~$2.2M (1158 ETH + 150,000 DAI + 0.4696 renBTC).",Institutional Era (2024-2026),Hack / Exploit,Floor,2026,"~$2.2M (1158 ETH + 150,000 DAI + 0.4696 renBTC)",DeFiHackLabs,https://github.com/SunWeb3Sec/DeFiHackLabs
1023,2026-06-25,OceanBPoolSideStaking,OceanBPoolSideStaking was exploited via bPool single-sided join/exit math with SideStaking gulp accounting. Reported loss: 127.86K mOCEAN.,Institutional Era (2024-2026),Hack / Exploit,Floor,2026,127.86K mOCEAN,DeFiHackLabs,https://github.com/SunWeb3Sec/DeFiHackLabs
1024,2026-06-26,X Money goes live,"X Money launched P2P payments for US Premium subscribers with a Visa debit card and FDIC sweep coverage, live in 41 states. A user sent $25 to Musk within hours of launch.",Institutional Era (2024-2026),Launch,Mid,2026,,Editorial research,https://finance.yahoo.com/markets/crypto/articles/x-money-goes-live-user-120621843.html
1025,2026-07-06,Bitcoin Core 30.3 released,"Bitcoin Core version 30.3 was tagged and released, part of the reference implementation's continuous development history.",Institutional Era (2024-2026),Client Release,Floor,2026,,Bitcoin Core,https://bitcoin.org/en/releases/30.3/
1026,2026-07-06,Bitcoin Core 31.1 released,"Bitcoin Core version 31.1 was tagged and released, part of the reference implementation's continuous development history.",Institutional Era (2024-2026),Client Release,Floor,2026,,Bitcoin Core,https://github.com/bitcoin/bitcoin/releases
1027,2026-07-06,SummerFi,SummerFi was exploited via fleetCommander NAV Inflation via Depegged xUSD. Reported loss: ~$6M (DAI + LVUSDC shares).,Institutional Era (2024-2026),Hack / Exploit,Floor,2026,~$6M (DAI + LVUSDC shares),DeFiHackLabs,https://github.com/SunWeb3Sec/DeFiHackLabs
1028,2026-07-08,Bitcoin Core 29.4 released,"Bitcoin Core version 29.4 was tagged and released, part of the reference implementation's continuous development history.",Institutional Era (2024-2026),Client Release,Floor,2026,,Bitcoin Core,https://bitcoin.org/en/releases/29.4/
1029,2026-08-22,SandboxOFT,"SandboxOFT was exploited via layerZero delegate hijack via approveAndCall. Reported loss: 10,000,000 SAND minted unbacked (~$517,170 face value, one of 400+ repeated txs in an ongoing campaign).",Institutional Era (2024-2026),Hack / Exploit,Floor,2026,"10,000,000 SAND minted unbacked (~$517,170 face value, one of 400+ repeated txs in an ongoing campaign)",DeFiHackLabs,https://github.com/SunWeb3Sec/DeFiHackLabs
1030,2026-09-03,NotionalFinance,"NotionalFinance was exploited via eRC1155 fCash mint overflow drains escrow. Reported loss: ~69,257.37 DAI + ~1,658,524.86 USDC (~$1.73M).",Institutional Era (2024-2026),Hack / Exploit,Floor,2026,"~69,257.37 DAI + ~1,658,524.86 USDC (~$1.73M)",DeFiHackLabs,https://github.com/SunWeb3Sec/DeFiHackLabs
1031,2026-09-07,CozyFinance,"CozyFinance was exploited via unverified UMA Optimistic Oracle trigger enables unbacked protection-token redemption. Reported loss: ~160,776 USDC.e (~$160K).",Institutional Era (2024-2026),Hack / Exploit,Floor,2026,"~160,776 USDC.e (~$160K)",DeFiHackLabs,https://github.com/SunWeb3Sec/DeFiHackLabs
